DIVISION;DATE;TIME;FIXTURE;HOME TEAM;AWAY TEAM
EPL;12-8-2017;15:00;Arsenal V Leicester ;Arsenal;Leicester
EPL;12-8-2017;15:00;Brighton V Man City ;Brighton;Man City
EPL;12-8-2017;15:00;Chelsea V Burnley ;Chelsea;Burnley
EPL;12-8-2017;15:00;Crystal Palace V Huddersfield ;Crystal Palace;Huddersfield
EPL;12-8-2017;15:00;Everton V Stoke ;Everton;Stoke
EPL;12-8-2017;15:00;Man United V West Ham ;Man United;West Ham
EPL;12-8-2017;15:00;Newcastle V Tottenham ;Newcastle;Tottenham
EPL;12-8-2017;15:00;Southampton V Swansea ;Southampton;Swansea
EPL;12-8-2017;15:00;Watford V Liverpool ;Watford;Liverpool
EPL;12-8-2017;15:00;West Brom V Bournemouth ;West Brom;Bournemouth
EPL;19-8-2017;15:00;Bournemouth V Watford ;Bournemouth;Watford
EPL;19-8-2017;15:00;Burnley V West Brom ;Burnley;West Brom
EPL;19-8-2017;15:00;Huddersfield V Newcastle ;Huddersfield;Newcastle
EPL;19-8-2017;15:00;Leicester V Brighton ;Leicester;Brighton
EPL;19-8-2017;15:00;Liverpool V Crystal Palace ;Liverpool;Crystal Palace
EPL;19-8-2017;15:00;Man City V Everton ;Man City;Everton
EPL;19-8-2017;15:00;Southampton V West Ham ;Southampton;West Ham
EPL;19-8-2017;15:00;Stoke V Arsenal ;Stoke;Arsenal
EPL;19-8-2017;15:00;Swansea V Man United ;Swansea;Man United
EPL;19-8-2017;15:00;Tottenham V Chelsea ;Tottenham;Chelsea
EPL;26-8-2017;15:00;Bournemouth V Man City ;Bournemouth;Man City
EPL;26-8-2017;15:00;Chelsea V Everton ;Chelsea;Everton
EPL;26-8-2017;15:00;Crystal Palace V Swansea ;Crystal Palace;Swansea
EPL;26-8-2017;15:00;Huddersfield V Southampton ;Huddersfield;Southampton
EPL;26-8-2017;15:00;Liverpool V Arsenal ;Liverpool;Arsenal
EPL;26-8-2017;15:00;Man United V Leicester ;Man United;Leicester
EPL;26-8-2017;15:00;Newcastle V West Ham ;Newcastle;West Ham
EPL;26-8-2017;15:00;Tottenham V Burnley ;Tottenham;Burnley
EPL;26-8-2017;15:00;Watford V Brighton ;Watford;Brighton
EPL;26-8-2017;15:00;West Brom V Stoke ;West Brom;Stoke
EPL;9-9-2017;15:00;Arsenal V Bournemouth ;Arsenal;Bournemouth
EPL;9-9-2017;15:00;Brighton V West Brom ;Brighton;West Brom
EPL;9-9-2017;15:00;Burnley V Crystal Palace ;Burnley;Crystal Palace
EPL;9-9-2017;15:00;Everton V Tottenham ;Everton;Tottenham
EPL;9-9-2017;15:00;Leicester V Chelsea ;Leicester;Chelsea
EPL;9-9-2017;15:00;Man City V Liverpool ;Man City;Liverpool
EPL;9-9-2017;15:00;Southampton V Watford ;Southampton;Watford
EPL;9-9-2017;15:00;Stoke V Man United ;Stoke;Man United
EPL;9-9-2017;15:00;Swansea V Newcastle ;Swansea;Newcastle
EPL;9-9-2017;15:00;West Ham V Huddersfield ;West Ham;Huddersfield
EPL;16-9-2017;15:00;Bournemouth V Brighton ;Bournemouth;Brighton
EPL;16-9-2017;15:00;Chelsea V Arsenal ;Chelsea;Arsenal
EPL;16-9-2017;15:00;Crystal Palace V Southampton ;Crystal Palace;Southampton
EPL;16-9-2017;15:00;Huddersfield V Leicester ;Huddersfield;Leicester
EPL;16-9-2017;15:00;Liverpool V Burnley ;Liverpool;Burnley
EPL;16-9-2017;15:00;Man United V Everton ;Man United;Everton
EPL;16-9-2017;15:00;Newcastle V Stoke ;Newcastle;Stoke
EPL;16-9-2017;15:00;Tottenham V Swansea ;Tottenham;Swansea
EPL;16-9-2017;15:00;Watford V Man City ;Watford;Man City
EPL;16-9-2017;15:00;West Brom V West Ham ;West Brom;West Ham
EPL;23-9-2017;15:00;Arsenal V West Brom ;Arsenal;West Brom
EPL;23-9-2017;15:00;Brighton V Newcastle ;Brighton;Newcastle
EPL;23-9-2017;15:00;Burnley V Huddersfield ;Burnley;Huddersfield
EPL;23-9-2017;15:00;Everton V Bournemouth ;Everton;Bournemouth
EPL;23-9-2017;15:00;Leicester V Liverpool ;Leicester;Liverpool
EPL;23-9-2017;15:00;Man City V Crystal Palace ;Man City;Crystal Palace
EPL;23-9-2017;15:00;Southampton V Man United ;Southampton;Man United
EPL;23-9-2017;15:00;Stoke V Chelsea ;Stoke;Chelsea
EPL;23-9-2017;15:00;Swansea V Watford ;Swansea;Watford
EPL;23-9-2017;15:00;West Ham V Tottenham ;West Ham;Tottenham
EPL;30-9-2017;15:00;Arsenal V Brighton ;Arsenal;Brighton
EPL;30-9-2017;15:00;Bournemouth V Leicester ;Bournemouth;Leicester
EPL;30-9-2017;15:00;Chelsea V Man City ;Chelsea;Man City
EPL;30-9-2017;15:00;Everton V Burnley ;Everton;Burnley
EPL;30-9-2017;15:00;Huddersfield V Tottenham ;Huddersfield;Tottenham
EPL;30-9-2017;15:00;Man United V Crystal Palace ;Man United;Crystal Palace
EPL;30-9-2017;15:00;Newcastle V Liverpool ;Newcastle;Liverpool
EPL;30-9-2017;15:00;Stoke V Southampton ;Stoke;Southampton
EPL;30-9-2017;15:00;West Brom V Watford ;West Brom;Watford
EPL;30-9-2017;15:00;West Ham V Swansea ;West Ham;Swansea
EPL;14-10-2017;15:00;Brighton V Everton ;Brighton;Everton
EPL;14-10-2017;15:00;Burnley V West Ham ;Burnley;West Ham
EPL;14-10-2017;15:00;Crystal Palace V Chelsea ;Crystal Palace;Chelsea
EPL;14-10-2017;15:00;Leicester V West Brom ;Leicester;West Brom
EPL;14-10-2017;15:00;Liverpool V Man United ;Liverpool;Man United
EPL;14-10-2017;15:00;Man City V Stoke ;Man City;Stoke
EPL;14-10-2017;15:00;Southampton V Newcastle ;Southampton;Newcastle
EPL;14-10-2017;15:00;Swansea V Huddersfield ;Swansea;Huddersfield
EPL;14-10-2017;15:00;Tottenham V Bournemouth ;Tottenham;Bournemouth
EPL;14-10-2017;15:00;Watford V Arsenal ;Watford;Arsenal
EPL;21-10-2017;15:00;Chelsea V Watford ;Chelsea;Watford
EPL;21-10-2017;15:00;Everton V Arsenal ;Everton;Arsenal
EPL;21-10-2017;15:00;Huddersfield V Man United ;Huddersfield;Man United
EPL;21-10-2017;15:00;Man City V Burnley ;Man City;Burnley
EPL;21-10-2017;15:00;Newcastle V Crystal Palace ;Newcastle;Crystal Palace
EPL;21-10-2017;15:00;Southampton V West Brom ;Southampton;West Brom
EPL;21-10-2017;15:00;Stoke V Bournemouth ;Stoke;Bournemouth
EPL;21-10-2017;15:00;Swansea V Leicester ;Swansea;Leicester
EPL;21-10-2017;15:00;Tottenham V Liverpool ;Tottenham;Liverpool
EPL;21-10-2017;15:00;West Ham V Brighton ;West Ham;Brighton
EPL;28-10-2017;15:00;Arsenal V Swansea ;Arsenal;Swansea
EPL;28-10-2017;15:00;Bournemouth V Chelsea ;Bournemouth;Chelsea
EPL;28-10-2017;15:00;Brighton V Southampton ;Brighton;Southampton
EPL;28-10-2017;15:00;Burnley V Newcastle ;Burnley;Newcastle
EPL;28-10-2017;15:00;Crystal Palace V West Ham ;Crystal Palace;West Ham
EPL;28-10-2017;15:00;Leicester V Everton ;Leicester;Everton
EPL;28-10-2017;15:00;Liverpool V Huddersfield ;Liverpool;Huddersfield
EPL;28-10-2017;15:00;Man United V Tottenham ;Man United;Tottenham
EPL;28-10-2017;15:00;Watford V Stoke ;Watford;Stoke
EPL;28-10-2017;15:00;West Brom V Man City ;West Brom;Man City
EPL;4-11-2017;15:00;Chelsea V Man United ;Chelsea;Man United
EPL;4-11-2017;15:00;Everton V Watford ;Everton;Watford
EPL;4-11-2017;15:00;Huddersfield V West Brom ;Huddersfield;West Brom
EPL;4-11-2017;15:00;Man City V Arsenal ;Man City;Arsenal
EPL;4-11-2017;15:00;Newcastle V Bournemouth ;Newcastle;Bournemouth
EPL;4-11-2017;15:00;Southampton V Burnley ;Southampton;Burnley
EPL;4-11-2017;15:00;Stoke V Leicester ;Stoke;Leicester
EPL;4-11-2017;15:00;Swansea V Brighton ;Swansea;Brighton
EPL;4-11-2017;15:00;Tottenham V Crystal Palace ;Tottenham;Crystal Palace
EPL;4-11-2017;15:00;West Ham V Liverpool ;West Ham;Liverpool
EPL;18-11-2017;15:00;Arsenal V Tottenham ;Arsenal;Tottenham
EPL;18-11-2017;15:00;Bournemouth V Huddersfield ;Bournemouth;Huddersfield
EPL;18-11-2017;15:00;Brighton V Stoke ;Brighton;Stoke
EPL;18-11-2017;15:00;Burnley V Swansea ;Burnley;Swansea
EPL;18-11-2017;15:00;Crystal Palace V Everton ;Crystal Palace;Everton
EPL;18-11-2017;15:00;Leicester V Man City ;Leicester;Man City
EPL;18-11-2017;15:00;Liverpool V Southampton ;Liverpool;Southampton
EPL;18-11-2017;15:00;Man United V Newcastle ;Man United;Newcastle
EPL;18-11-2017;15:00;Watford V West Ham ;Watford;West Ham
EPL;18-11-2017;15:00;West Brom V Chelsea ;West Brom;Chelsea
EPL;25-11-2017;15:00;Burnley V Arsenal ;Burnley;Arsenal
EPL;25-11-2017;15:00;Crystal Palace V Stoke ;Crystal Palace;Stoke
EPL;25-11-2017;15:00;Huddersfield V Man City ;Huddersfield;Man City
EPL;25-11-2017;15:00;Liverpool V Chelsea ;Liverpool;Chelsea
EPL;25-11-2017;15:00;Man United V Brighton ;Man United;Brighton
EPL;25-11-2017;15:00;Newcastle V Watford ;Newcastle;Watford
EPL;25-11-2017;15:00;Southampton V Everton ;Southampton;Everton
EPL;25-11-2017;15:00;Swansea V Bournemouth ;Swansea;Bournemouth
EPL;25-11-2017;15:00;Tottenham V West Brom ;Tottenham;West Brom
EPL;25-11-2017;15:00;West Ham V Leicester ;West Ham;Leicester
EPL;28-11-2017;19:45;Arsenal V Huddersfield ;Arsenal;Huddersfield
EPL;28-11-2017;19:45;Bournemouth V Burnley ;Bournemouth;Burnley
EPL;28-11-2017;19:45;Brighton V Crystal Palace ;Brighton;Crystal Palace
EPL;28-11-2017;19:45;Leicester V Tottenham ;Leicester;Tottenham
EPL;28-11-2017;19:45;Watford V Man United ;Watford;Man United
EPL;28-11-2017;20:00;West Brom V Newcastle ;West Brom;Newcastle
EPL;29-11-2017;19:45;Chelsea V Swansea ;Chelsea;Swansea
EPL;29-11-2017;19:45;Everton V West Ham ;Everton;West Ham
EPL;29-11-2017;20:00;Man City V Southampton ;Man City;Southampton
EPL;29-11-2017;20:00;Stoke V Liverpool ;Stoke;Liverpool
EPL;2-12-2017;15:00;Arsenal V Man United ;Arsenal;Man United
EPL;2-12-2017;15:00;Bournemouth V Southampton ;Bournemouth;Southampton
EPL;2-12-2017;15:00;Brighton V Liverpool ;Brighton;Liverpool
EPL;2-12-2017;15:00;Chelsea V Newcastle ;Chelsea;Newcastle
EPL;2-12-2017;15:00;Everton V Huddersfield ;Everton;Huddersfield
EPL;2-12-2017;15:00;Leicester V Burnley ;Leicester;Burnley
EPL;2-12-2017;15:00;Man City V West Ham ;Man City;West Ham
EPL;2-12-2017;15:00;Stoke V Swansea ;Stoke;Swansea
EPL;2-12-2017;15:00;Watford V Tottenham ;Watford;Tottenham
EPL;2-12-2017;15:00;West Brom V Crystal Palace ;West Brom;Crystal Palace
EPL;9-12-2017;15:00;Burnley V Watford ;Burnley;Watford
EPL;9-12-2017;15:00;Crystal Palace V Bournemouth ;Crystal Palace;Bournemouth
EPL;9-12-2017;15:00;Huddersfield V Brighton ;Huddersfield;Brighton
EPL;9-12-2017;15:00;Liverpool V Everton ;Liverpool;Everton
EPL;9-12-2017;15:00;Man United V Man City ;Man United;Man City
EPL;9-12-2017;15:00;Newcastle V Leicester ;Newcastle;Leicester
EPL;9-12-2017;15:00;Southampton V Arsenal ;Southampton;Arsenal
EPL;9-12-2017;15:00;Swansea V West Brom ;Swansea;West Brom
EPL;9-12-2017;15:00;Tottenham V Stoke ;Tottenham;Stoke
EPL;9-12-2017;15:00;West Ham V Chelsea ;West Ham;Chelsea
EPL;12-12-2017;19:45;Burnley V Stoke ;Burnley;Stoke
EPL;12-12-2017;19:45;Huddersfield V Chelsea ;Huddersfield;Chelsea
EPL;12-12-2017;19:45;Swansea V Man City ;Swansea;Man City
EPL;12-12-2017;19:45;West Ham V Arsenal ;West Ham;Arsenal
EPL;12-12-2017;20:00;Crystal Palace V Watford ;Crystal Palace;Watford
EPL;12-12-2017;20:00;Man United V Bournemouth ;Man United;Bournemouth
EPL;13-12-2017;19:45;Newcastle V Everton ;Newcastle;Everton
EPL;13-12-2017;19:45;Southampton V Leicester ;Southampton;Leicester
EPL;13-12-2017;20:00;Liverpool V West Brom ;Liverpool;West Brom
EPL;13-12-2017;20:00;Tottenham V Brighton ;Tottenham;Brighton
EPL;16-12-2017;15:00;Arsenal V Newcastle ;Arsenal;Newcastle
EPL;16-12-2017;15:00;Bournemouth V Liverpool ;Bournemouth;Liverpool
EPL;16-12-2017;15:00;Brighton V Burnley ;Brighton;Burnley
EPL;16-12-2017;15:00;Chelsea V Southampton ;Chelsea;Southampton
EPL;16-12-2017;15:00;Everton V Swansea ;Everton;Swansea
EPL;16-12-2017;15:00;Leicester V Crystal Palace ;Leicester;Crystal Palace
EPL;16-12-2017;15:00;Man City V Tottenham ;Man City;Tottenham
EPL;16-12-2017;15:00;Stoke V West Ham ;Stoke;West Ham
EPL;16-12-2017;15:00;Watford V Huddersfield ;Watford;Huddersfield
EPL;16-12-2017;15:00;West Brom V Man United ;West Brom;Man United
EPL;23-12-2017;15:00;Arsenal V Liverpool ;Arsenal;Liverpool
EPL;23-12-2017;15:00;Brighton V Watford ;Brighton;Watford
EPL;23-12-2017;15:00;Burnley V Tottenham ;Burnley;Tottenham
EPL;23-12-2017;15:00;Everton V Chelsea ;Everton;Chelsea
EPL;23-12-2017;15:00;Leicester V Man United ;Leicester;Man United
EPL;23-12-2017;15:00;Man City V Bournemouth ;Man City;Bournemouth
EPL;23-12-2017;15:00;Southampton V Huddersfield ;Southampton;Huddersfield
EPL;23-12-2017;15:00;Stoke V West Brom ;Stoke;West Brom
EPL;23-12-2017;15:00;Swansea V Crystal Palace ;Swansea;Crystal Palace
EPL;23-12-2017;15:00;West Ham V Newcastle ;West Ham;Newcastle
EPL;26-12-2017;15:00;Bournemouth V West Ham ;Bournemouth;West Ham
EPL;26-12-2017;15:00;Chelsea V Brighton ;Chelsea;Brighton
EPL;26-12-2017;15:00;Crystal Palace V Arsenal ;Crystal Palace;Arsenal
EPL;26-12-2017;15:00;Huddersfield V Stoke ;Huddersfield;Stoke
EPL;26-12-2017;15:00;Liverpool V Swansea ;Liverpool;Swansea
EPL;26-12-2017;15:00;Man United V Burnley ;Man United;Burnley
EPL;26-12-2017;15:00;Newcastle V Man City ;Newcastle;Man City
EPL;26-12-2017;15:00;Tottenham V Southampton ;Tottenham;Southampton
EPL;26-12-2017;15:00;Watford V Leicester ;Watford;Leicester
EPL;26-12-2017;15:00;West Brom V Everton ;West Brom;Everton
EPL;30-12-2017;15:00;Bournemouth V Everton ;Bournemouth;Everton
EPL;30-12-2017;15:00;Chelsea V Stoke ;Chelsea;Stoke
EPL;30-12-2017;15:00;Crystal Palace V Man City ;Crystal Palace;Man City
EPL;30-12-2017;15:00;Huddersfield V Burnley ;Huddersfield;Burnley
EPL;30-12-2017;15:00;Liverpool V Leicester ;Liverpool;Leicester
EPL;30-12-2017;15:00;Man United V Southampton ;Man United;Southampton
EPL;30-12-2017;15:00;Newcastle V Brighton ;Newcastle;Brighton
EPL;30-12-2017;15:00;Tottenham V West Ham ;Tottenham;West Ham
EPL;30-12-2017;15:00;Watford V Swansea ;Watford;Swansea
EPL;30-12-2017;15:00;West Brom V Arsenal ;West Brom;Arsenal
EPL;1-1-2018;15:00;Arsenal V Chelsea ;Arsenal;Chelsea
EPL;1-1-2018;15:00;Brighton V Bournemouth ;Brighton;Bournemouth
EPL;1-1-2018;15:00;Burnley V Liverpool ;Burnley;Liverpool
EPL;1-1-2018;15:00;Everton V Man United ;Everton;Man United
EPL;1-1-2018;15:00;Leicester V Huddersfield ;Leicester;Huddersfield
EPL;1-1-2018;15:00;Man City V Watford ;Man City;Watford
EPL;1-1-2018;15:00;Southampton V Crystal Palace ;Southampton;Crystal Palace
EPL;1-1-2018;15:00;Stoke V Newcastle ;Stoke;Newcastle
EPL;1-1-2018;15:00;Swansea V Tottenham ;Swansea;Tottenham
EPL;1-1-2018;15:00;West Ham V West Brom ;West Ham;West Brom
EPL;13-1-2018;15:00;Bournemouth V Arsenal ;Bournemouth;Arsenal
EPL;13-1-2018;15:00;Chelsea V Leicester ;Chelsea;Leicester
EPL;13-1-2018;15:00;Crystal Palace V Burnley ;Crystal Palace;Burnley
EPL;13-1-2018;15:00;Huddersfield V West Ham ;Huddersfield;West Ham
EPL;13-1-2018;15:00;Liverpool V Man City ;Liverpool;Man City
EPL;13-1-2018;15:00;Man United V Stoke ;Man United;Stoke
EPL;13-1-2018;15:00;Newcastle V Swansea ;Newcastle;Swansea
EPL;13-1-2018;15:00;Tottenham V Everton ;Tottenham;Everton
EPL;13-1-2018;15:00;Watford V Southampton ;Watford;Southampton
EPL;13-1-2018;15:00;West Brom V Brighton ;West Brom;Brighton
EPL;20-1-2018;15:00;Arsenal V Crystal Palace ;Arsenal;Crystal Palace
EPL;20-1-2018;15:00;Brighton V Chelsea ;Brighton;Chelsea
EPL;20-1-2018;15:00;Burnley V Man United ;Burnley;Man United
EPL;20-1-2018;15:00;Everton V West Brom ;Everton;West Brom
EPL;20-1-2018;15:00;Leicester V Watford ;Leicester;Watford
EPL;20-1-2018;15:00;Man City V Newcastle ;Man City;Newcastle
EPL;20-1-2018;15:00;Southampton V Tottenham ;Southampton;Tottenham
EPL;20-1-2018;15:00;Stoke V Huddersfield ;Stoke;Huddersfield
EPL;20-1-2018;15:00;Swansea V Liverpool ;Swansea;Liverpool
EPL;20-1-2018;15:00;West Ham V Bournemouth ;West Ham;Bournemouth
EPL;30-1-2018;19:45;Huddersfield V Liverpool ;Huddersfield;Liverpool
EPL;30-1-2018;19:45;Swansea V Arsenal ;Swansea;Arsenal
EPL;30-1-2018;19:45;West Ham V Crystal Palace ;West Ham;Crystal Palace
EPL;31-1-2018;19:45;Chelsea V Bournemouth ;Chelsea;Bournemouth
EPL;31-1-2018;19:45;Everton V Leicester ;Everton;Leicester
EPL;31-1-2018;19:45;Newcastle V Burnley ;Newcastle;Burnley
EPL;31-1-2018;19:45;Southampton V Brighton ;Southampton;Brighton
EPL;31-1-2018;20:00;Man City V West Brom ;Man City;West Brom
EPL;31-1-2018;20:00;Stoke V Watford ;Stoke;Watford
EPL;31-1-2018;20:00;Tottenham V Man United ;Tottenham;Man United
EPL;3-2-2018;15:00;Arsenal V Everton ;Arsenal;Everton
EPL;3-2-2018;15:00;Bournemouth V Stoke ;Bournemouth;Stoke
EPL;3-2-2018;15:00;Brighton V West Ham ;Brighton;West Ham
EPL;3-2-2018;15:00;Burnley V Man City ;Burnley;Man City
EPL;3-2-2018;15:00;Crystal Palace V Newcastle ;Crystal Palace;Newcastle
EPL;3-2-2018;15:00;Leicester V Swansea ;Leicester;Swansea
EPL;3-2-2018;15:00;Liverpool V Tottenham ;Liverpool;Tottenham
EPL;3-2-2018;15:00;Man United V Huddersfield ;Man United;Huddersfield
EPL;3-2-2018;15:00;Watford V Chelsea ;Watford;Chelsea
EPL;3-2-2018;15:00;West Brom V Southampton ;West Brom;Southampton
EPL;10-2-2018;15:00;Chelsea V West Brom ;Chelsea;West Brom
EPL;10-2-2018;15:00;Everton V Crystal Palace ;Everton;Crystal Palace
EPL;10-2-2018;15:00;Huddersfield V Bournemouth ;Huddersfield;Bournemouth
EPL;10-2-2018;15:00;Man City V Leicester ;Man City;Leicester
EPL;10-2-2018;15:00;Newcastle V Man United ;Newcastle;Man United
EPL;10-2-2018;15:00;Southampton V Liverpool ;Southampton;Liverpool
EPL;10-2-2018;15:00;Stoke V Brighton ;Stoke;Brighton
EPL;10-2-2018;15:00;Swansea V Burnley ;Swansea;Burnley
EPL;10-2-2018;15:00;Tottenham V Arsenal ;Tottenham;Arsenal
EPL;10-2-2018;15:00;West Ham V Watford ;West Ham;Watford
EPL;24-2-2018;15:00;Arsenal V Man City ;Arsenal;Man City
EPL;24-2-2018;15:00;Bournemouth V Newcastle ;Bournemouth;Newcastle
EPL;24-2-2018;15:00;Brighton V Swansea ;Brighton;Swansea
EPL;24-2-2018;15:00;Burnley V Southampton ;Burnley;Southampton
EPL;24-2-2018;15:00;Crystal Palace V Tottenham ;Crystal Palace;Tottenham
EPL;24-2-2018;15:00;Leicester V Stoke ;Leicester;Stoke
EPL;24-2-2018;15:00;Liverpool V West Ham ;Liverpool;West Ham
EPL;24-2-2018;15:00;Man United V Chelsea ;Man United;Chelsea
EPL;24-2-2018;15:00;Watford V Everton ;Watford;Everton
EPL;24-2-2018;15:00;West Brom V Huddersfield ;West Brom;Huddersfield
EPL;3-3-2018;15:00;Brighton V Arsenal ;Brighton;Arsenal
EPL;3-3-2018;15:00;Burnley V Everton ;Burnley;Everton
EPL;3-3-2018;15:00;Crystal Palace V Man United ;Crystal Palace;Man United
EPL;3-3-2018;15:00;Leicester V Bournemouth ;Leicester;Bournemouth
EPL;3-3-2018;15:00;Liverpool V Newcastle ;Liverpool;Newcastle
EPL;3-3-2018;15:00;Man City V Chelsea ;Man City;Chelsea
EPL;3-3-2018;15:00;Southampton V Stoke ;Southampton;Stoke
EPL;3-3-2018;15:00;Swansea V West Ham ;Swansea;West Ham
EPL;3-3-2018;15:00;Tottenham V Huddersfield ;Tottenham;Huddersfield
EPL;3-3-2018;15:00;Watford V West Brom ;Watford;West Brom
EPL;10-3-2018;15:00;Arsenal V Watford ;Arsenal;Watford
EPL;10-3-2018;15:00;Bournemouth V Tottenham ;Bournemouth;Tottenham
EPL;10-3-2018;15:00;Chelsea V Crystal Palace ;Chelsea;Crystal Palace
EPL;10-3-2018;15:00;Everton V Brighton ;Everton;Brighton
EPL;10-3-2018;15:00;Huddersfield V Swansea ;Huddersfield;Swansea
EPL;10-3-2018;15:00;Man United V Liverpool ;Man United;Liverpool
EPL;10-3-2018;15:00;Newcastle V Southampton ;Newcastle;Southampton
EPL;10-3-2018;15:00;Stoke V Man City ;Stoke;Man City
EPL;10-3-2018;15:00;West Brom V Leicester ;West Brom;Leicester
EPL;10-3-2018;15:00;West Ham V Burnley ;West Ham;Burnley
EPL;17-3-2018;15:00;Bournemouth V West Brom ;Bournemouth;West Brom
EPL;17-3-2018;15:00;Burnley V Chelsea ;Burnley;Chelsea
EPL;17-3-2018;15:00;Huddersfield V Crystal Palace ;Huddersfield;Crystal Palace
EPL;17-3-2018;15:00;Leicester V Arsenal ;Leicester;Arsenal
EPL;17-3-2018;15:00;Liverpool V Watford ;Liverpool;Watford
EPL;17-3-2018;15:00;Man City V Brighton ;Man City;Brighton
EPL;17-3-2018;15:00;Stoke V Everton ;Stoke;Everton
EPL;17-3-2018;15:00;Swansea V Southampton ;Swansea;Southampton
EPL;17-3-2018;15:00;Tottenham V Newcastle ;Tottenham;Newcastle
EPL;17-3-2018;15:00;West Ham V Man United ;West Ham;Man United
EPL;31-3-2018;15:00;Arsenal V Stoke ;Arsenal;Stoke
EPL;31-3-2018;15:00;Brighton V Leicester ;Brighton;Leicester
EPL;31-3-2018;15:00;Chelsea V Tottenham ;Chelsea;Tottenham
EPL;31-3-2018;15:00;Crystal Palace V Liverpool ;Crystal Palace;Liverpool
EPL;31-3-2018;15:00;Everton V Man City ;Everton;Man City
EPL;31-3-2018;15:00;Man United V Swansea ;Man United;Swansea
EPL;31-3-2018;15:00;Newcastle V Huddersfield ;Newcastle;Huddersfield
EPL;31-3-2018;15:00;Watford V Bournemouth ;Watford;Bournemouth
EPL;31-3-2018;15:00;West Brom V Burnley ;West Brom;Burnley
EPL;31-3-2018;15:00;West Ham V Southampton ;West Ham;Southampton
EPL;7-4-2018;15:00;Arsenal V Southampton ;Arsenal;Southampton
EPL;7-4-2018;15:00;Bournemouth V Crystal Palace ;Bournemouth;Crystal Palace
EPL;7-4-2018;15:00;Brighton V Huddersfield ;Brighton;Huddersfield
EPL;7-4-2018;15:00;Chelsea V West Ham ;Chelsea;West Ham
EPL;7-4-2018;15:00;Everton V Liverpool ;Everton;Liverpool
EPL;7-4-2018;15:00;Leicester V Newcastle ;Leicester;Newcastle
EPL;7-4-2018;15:00;Man City V Man United ;Man City;Man United
EPL;7-4-2018;15:00;Stoke V Tottenham ;Stoke;Tottenham
EPL;7-4-2018;15:00;Watford V Burnley ;Watford;Burnley
EPL;7-4-2018;15:00;West Brom V Swansea ;West Brom;Swansea
EPL;14-4-2018;15:00;Burnley V Leicester ;Burnley;Leicester
EPL;14-4-2018;15:00;Crystal Palace V Brighton ;Crystal Palace;Brighton
EPL;14-4-2018;15:00;Huddersfield V Watford ;Huddersfield;Watford
EPL;14-4-2018;15:00;Liverpool V Bournemouth ;Liverpool;Bournemouth
EPL;14-4-2018;15:00;Man United V West Brom ;Man United;West Brom
EPL;14-4-2018;15:00;Newcastle V Arsenal ;Newcastle;Arsenal
EPL;14-4-2018;15:00;Southampton V Chelsea ;Southampton;Chelsea
EPL;14-4-2018;15:00;Swansea V Everton ;Swansea;Everton
EPL;14-4-2018;15:00;Tottenham V Man City ;Tottenham;Man City
EPL;14-4-2018;15:00;West Ham V Stoke ;West Ham;Stoke
EPL;21-4-2018;15:00;Arsenal V West Ham ;Arsenal;West Ham
EPL;21-4-2018;15:00;Bournemouth V Man United ;Bournemouth;Man United
EPL;21-4-2018;15:00;Brighton V Tottenham ;Brighton;Tottenham
EPL;21-4-2018;15:00;Chelsea V Huddersfield ;Chelsea;Huddersfield
EPL;21-4-2018;15:00;Everton V Newcastle ;Everton;Newcastle
EPL;21-4-2018;15:00;Leicester V Southampton ;Leicester;Southampton
EPL;21-4-2018;15:00;Man City V Swansea ;Man City;Swansea
EPL;21-4-2018;15:00;Stoke V Burnley ;Stoke;Burnley
EPL;21-4-2018;15:00;Watford V Crystal Palace ;Watford;Crystal Palace
EPL;21-4-2018;15:00;West Brom V Liverpool ;West Brom;Liverpool
EPL;28-4-2018;15:00;Burnley V Brighton ;Burnley;Brighton
EPL;28-4-2018;15:00;Crystal Palace V Leicester ;Crystal Palace;Leicester
EPL;28-4-2018;15:00;Huddersfield V Everton ;Huddersfield;Everton
EPL;28-4-2018;15:00;Liverpool V Stoke ;Liverpool;Stoke
EPL;28-4-2018;15:00;Man United V Arsenal ;Man United;Arsenal
EPL;28-4-2018;15:00;Newcastle V West Brom ;Newcastle;West Brom
EPL;28-4-2018;15:00;Southampton V Bournemouth ;Southampton;Bournemouth
EPL;28-4-2018;15:00;Swansea V Chelsea ;Swansea;Chelsea
EPL;28-4-2018;15:00;Tottenham V Watford ;Tottenham;Watford
EPL;28-4-2018;15:00;West Ham V Man City ;West Ham;Man City
EPL;5-5-2018;15:00;Arsenal V Burnley ;Arsenal;Burnley
EPL;5-5-2018;15:00;Bournemouth V Swansea ;Bournemouth;Swansea
EPL;5-5-2018;15:00;Brighton V Man United ;Brighton;Man United
EPL;5-5-2018;15:00;Chelsea V Liverpool ;Chelsea;Liverpool
EPL;5-5-2018;15:00;Everton V Southampton ;Everton;Southampton
EPL;5-5-2018;15:00;Leicester V West Ham ;Leicester;West Ham
EPL;5-5-2018;15:00;Man City V Huddersfield ;Man City;Huddersfield
EPL;5-5-2018;15:00;Stoke V Crystal Palace ;Stoke;Crystal Palace
EPL;5-5-2018;15:00;Watford V Newcastle ;Watford;Newcastle
EPL;5-5-2018;15:00;West Brom V Tottenham ;West Brom;Tottenham
EPL;13-5-2018;15:00;Burnley V Bournemouth ;Burnley;Bournemouth
EPL;13-5-2018;15:00;Crystal Palace V West Brom ;Crystal Palace;West Brom
EPL;13-5-2018;15:00;Huddersfield V Arsenal ;Huddersfield;Arsenal
EPL;13-5-2018;15:00;Liverpool V Brighton ;Liverpool;Brighton
EPL;13-5-2018;15:00;Man United V Watford ;Man United;Watford
EPL;13-5-2018;15:00;Newcastle V Chelsea ;Newcastle;Chelsea
EPL;13-5-2018;15:00;Southampton V Man City ;Southampton;Man City
EPL;13-5-2018;15:00;Swansea V Stoke ;Swansea;Stoke
EPL;13-5-2018;15:00;Tottenham V Leicester ;Tottenham;Leicester
EPL;13-5-2018;15:00;West Ham V Everton ;West Ham;Everton
