"","Div","Date","HomeTeam","AwayTeam","FTHG","FTAG","FTR","HTHG","HTAG","HTR","Attendance","Referee","HS","AS","HST","AST","HHW","AHW","HC","AC","HF","AF","HO","AO","HY","AY","HR","AR","HBP","ABP","GBH","GBD","GBA","IWH","IWD","IWA","LBH","LBD","LBA","SBH","SBD","SBA","WHH","WHD","WHA"
"1","E0",2000-08-19,"Charlton","Man City",4,0,"H",2,0,"H",20043,"Rob Harris",17,8,14,4,2,1,6,6,13,12,8,6,1,2,0,0,10,20,2,3,3.2,2.2,2.9,2.7,2.2,3.25,2.75,2.2,3.25,2.88,2.1,3.2,3.1
"2","E0",2000-08-19,"Chelsea","West Ham",4,2,"H",1,0,"H",34914,"Graham Barber",17,12,10,5,1,0,7,7,19,14,2,3,1,2,0,0,10,20,1.47,3.4,5.2,1.6,3.2,4.2,1.5,3.4,6,1.5,3.6,6,1.44,3.6,6.5
"3","E0",2000-08-19,"Coventry","Middlesbrough",1,3,"A",1,1,"D",20624,"Barry Knight",6,16,3,9,0,1,8,4,15,21,1,3,5,3,1,0,75,30,2.15,3,3,2.2,2.9,2.7,2.25,3.2,2.75,2.3,3.2,2.75,2.3,3.2,2.62
"4","E0",2000-08-19,"Derby","Southampton",2,2,"D",1,2,"A",27223,"Andy D'Urso",6,13,4,6,0,0,5,8,11,13,0,2,1,1,0,0,10,10,2,3.1,3.2,1.8,3,3.5,2.2,3.25,2.75,2.05,3.2,3.2,2,3.2,3.2
"5","E0",2000-08-19,"Leeds","Everton",2,0,"H",2,0,"H",40010,"Dermot Gallagher",17,12,8,6,0,0,6,4,21,20,6,1,1,3,0,0,10,30,1.65,3.3,4.3,1.55,3.3,4.5,1.55,3.5,5,1.57,3.6,5,1.61,3.5,4.5
"6","E0",2000-08-19,"Leicester","Aston Villa",0,0,"D",0,0,"D",21455,"Mike Riley",5,5,4,3,0,0,5,4,12,12,1,4,2,3,0,0,20,30,2.15,3.1,2.9,2.3,2.9,2.5,2.35,3.2,2.6,2.25,3.25,2.75,2.4,3.25,2.5
"7","E0",2000-08-19,"Liverpool","Bradford",1,0,"H",0,0,"D",44183,"Paul Durkin",16,3,10,2,0,0,6,1,8,8,5,0,1,1,0,0,10,10,1.25,4.1,7.2,1.25,4.3,8,1.35,4,8,1.36,4,8,1.33,4,8
"8","E0",2000-08-19,"Sunderland","Arsenal",1,0,"H",0,0,"D",46346,"Steve Dunn",8,14,2,7,0,0,2,9,10,21,2,3,3,1,0,1,30,35,2.85,3.25,2.1,2.9,2.9,2.1,4.3,3.2,1.7,3.3,3.1,2.05,3.75,3,1.9
"9","E0",2000-08-19,"Tottenham","Ipswich",3,1,"H",2,1,"H",36148,"Alan Wiley",20,15,6,5,2,1,3,4,14,13,2,3,0,0,0,0,0,0,1.45,3.6,7,1.5,3.4,4.7,1.45,3.6,6.5,1.5,3.5,6.5,1.44,3.6,6.5
"10","E0",2000-08-20,"Man United","Newcastle",2,0,"H",1,0,"H",67477,"Steve Lodge",19,9,9,6,2,0,7,1,7,13,5,9,0,1,0,0,0,10,1.38,3.5,7,1.45,3.5,5,1.4,3.75,7,1.4,3.75,7.5,1.4,3.75,7
"11","E0",2000-08-21,"Arsenal","Liverpool",2,0,"H",1,0,"H",38014,"Graham Poll",17,7,12,4,0,0,10,11,25,20,5,4,2,4,1,2,45,90,2,3.2,3,2.1,2.9,2.9,2.1,3.2,3,2.2,3,3.1,2.1,3,3.2
"12","E0",2000-08-22,"Bradford","Chelsea",2,0,"H",1,0,"H",17872,"Mark Halsey",12,14,3,6,0,0,6,4,14,16,5,6,0,1,0,0,0,10,4.8,3.3,1.61,3.8,3.2,1.65,4.5,3.5,1.6,5.25,3.75,1.5,5,3.5,1.57
"13","E0",2000-08-22,"Ipswich","Man United",1,1,"D",1,1,"D",22007,"Jeff Winter",13,15,8,6,0,0,4,6,10,7,9,4,1,4,0,0,10,40,7,3.8,1.35,4.7,3.4,1.5,6,3.75,1.45,7,3.75,1.4,7,3.8,1.4
"14","E0",2000-08-22,"Middlesbrough","Tottenham",1,1,"D",0,1,"A",31254,"Peter Jones",12,11,6,4,0,0,5,5,9,18,2,3,2,1,0,0,20,10,2.15,3.05,3.1,2.1,2.9,2.9,2.25,3.4,2.65,2.05,3.25,3,2.2,3.2,2.8
"15","E0",2000-08-23,"Everton","Charlton",3,0,"H",0,0,"D",36300,"Andy Hall",13,8,8,4,0,0,3,5,17,15,1,4,2,1,0,1,20,35,1.71,3.4,4,1.6,3.2,4.2,1.8,3.25,3.75,2,3.1,3.2,1.9,3,3.7
"16","E0",2000-08-23,"Man City","Sunderland",4,2,"H",2,0,"H",34410,"David Ellaray",15,9,10,4,0,0,7,3,24,14,5,4,3,3,0,0,30,30,2.4,3.1,2.6,2.4,2.9,2.4,2.5,3.25,2.4,2.5,3.2,2.5,2.5,3.1,2.5
"17","E0",2000-08-23,"Newcastle","Derby",3,2,"H",1,1,"D",51327,"Dermot Gallagher",9,10,4,5,0,0,9,6,23,11,2,3,0,3,1,0,25,30,1.6,3.3,4.5,1.55,3.3,4.5,1.55,3.5,5,1.53,3.4,6,1.53,3.4,5.5
"18","E0",2000-08-23,"Southampton","Coventry",1,2,"A",0,1,"A",14801,"F Taylor",12,7,4,5,0,0,6,5,18,20,0,6,5,3,0,0,50,30,1.9,2.9,3.2,1.9,2.9,3.2,1.8,3.25,3.75,1.75,3.25,4.33,1.7,3.25,4.33
"19","E0",2000-08-23,"West Ham","Leicester",0,1,"A",0,0,"D",25195,"Rob Styles",17,4,12,2,1,0,11,5,16,14,3,1,3,3,1,0,55,30,1.8,3.35,3.8,1.65,3.2,3.8,1.8,3.25,3.75,1.75,3.4,4,1.72,3.4,4
"20","E0",2000-08-26,"Arsenal","Charlton",5,3,"H",1,2,"A",38025,"Steve Lodge",18,7,9,4,0,0,8,3,12,15,3,2,0,1,0,0,0,10,1.3,4.3,8.2,1.35,3.8,6.2,1.35,3.75,8,1.3,4.33,8.5,1.33,3.75,9
"21","E0",2000-08-26,"Bradford","Leicester",0,0,"D",0,0,"D",16766,"Steve Bennett",8,13,4,8,0,0,6,8,11,12,4,4,1,2,0,0,10,20,2.15,3.3,2.8,2.35,3,2.35,2.4,3.25,2.5,2.3,3.1,2.8,2.5,3.1,2.5
"22","E0",2000-08-26,"Everton","Derby",2,2,"D",2,0,"H",34840,"Mike Riley",12,7,9,4,0,0,11,2,11,9,2,2,2,3,0,0,20,30,1.66,3.5,4.1,1.8,3,3.5,1.8,3.25,3.75,1.67,3.25,4.75,1.57,3.5,5
"23","E0",2000-08-26,"Ipswich","Sunderland",1,0,"H",0,0,"D",21830,"Graham Poll",14,9,5,3,1,0,7,6,10,12,3,10,1,1,0,0,10,10,2.3,3.2,2.65,2.35,3,2.35,2.75,3.25,2.2,2.5,3.2,2.5,2.5,3.1,2.5
"24","E0",2000-08-26,"Man City","Coventry",1,2,"A",0,2,"A",34140,"Andy D'Urso",14,9,5,8,1,0,5,5,7,12,3,10,2,3,0,0,20,30,1.95,3.5,3.1,1.9,3,3.1,2.2,3.25,2.75,2,3.25,3.5,2.1,3.2,3
"25","E0",2000-08-26,"Middlesbrough","Leeds",1,2,"A",0,2,"A",31626,"Graham Barber",15,16,8,11,0,0,4,8,12,20,4,5,2,0,0,0,20,0,2.3,3.2,2.65,2.3,3,2.4,2.6,3.4,2.25,2.5,3.2,2.5,2.5,3.1,2.5
"26","E0",2000-08-26,"Newcastle","Tottenham",2,0,"H",1,0,"H",51573,"David Ellaray",15,10,6,2,1,1,4,2,13,10,6,4,0,0,0,0,0,0,1.95,3.4,3.25,2,3,2.9,1.9,3.25,3.4,2,3.25,3.25,1.9,3.25,3.4
"27","E0",2000-08-26,"Southampton","Liverpool",3,3,"D",0,1,"A",15202,"Jeff Winter",14,9,7,4,2,0,7,1,7,6,4,4,0,0,0,0,0,0,4,3.4,1.7,3.3,3,1.85,3.4,3.25,1.9,3.6,3.2,1.95,3.5,3.2,1.9
"28","E0",2000-08-26,"West Ham","Man United",2,2,"D",0,1,"A",25998,"Dermot Gallagher",17,8,8,5,0,2,7,5,12,9,5,1,1,0,0,0,10,0,4.2,3.5,1.65,3.5,3.2,1.75,4,3.2,1.8,4.2,3.4,1.73,4.33,3.4,1.66
"29","E0",2000-08-27,"Aston Villa","Chelsea",1,1,"D",1,1,"D",27056,"Paul Durkin",12,11,9,7,0,0,7,10,13,12,2,0,0,1,0,0,0,10,2.7,3.3,2.2,2.35,3,2.35,3,3.2,2.1,2.8,3.25,2.2,3.2,3.2,2
"30","E0",2000-09-05,"Leeds","Man City",1,2,"A",0,2,"A",40055,"Graham Poll",6,8,1,3,1,1,9,4,18,24,2,2,2,2,0,0,20,20,1.33,4.2,6.8,1.4,3.6,5.5,1.45,3.6,6.5,1.35,4,8,1.4,3.75,7
"31","E0",2000-09-05,"Man United","Bradford",6,0,"H",2,0,"H",67447,"Ian Harris",21,6,12,4,1,1,5,1,12,10,4,9,0,1,0,0,0,10,1.2,5.5,9,1.2,4.7,9,1.25,4.5,10,1.25,5,9,1.2,5.5,9
"32","E0",2000-09-05,"Sunderland","West Ham",1,1,"D",1,1,"D",46605,"Peter Jones",17,16,7,9,1,0,4,11,19,14,2,10,2,3,0,0,20,30,2,3.2,3.3,1.85,3,3.3,2.25,3.2,2.75,2.05,3.2,3.2,2.1,3.2,3
"33","E0",2000-09-05,"Tottenham","Everton",3,2,"H",1,2,"A",35316,"Barry Knight",11,11,7,6,1,0,7,5,11,10,11,7,1,2,0,0,10,20,1.75,3.3,4,1.7,3.1,3.8,1.7,3.4,4,1.57,3.4,5.5,1.66,3.4,4.33
"34","E0",2000-09-06,"Charlton","Southampton",1,1,"D",0,0,"D",20043,"Mark Halsey",8,11,6,3,0,0,10,14,14,16,4,3,3,3,1,0,55,30,2,3.1,3.2,2,2.9,3,2,3.2,3.2,1.83,3.4,3.75,1.8,3.3,3.75
"35","E0",2000-09-06,"Chelsea","Arsenal",2,2,"D",1,0,"H",34923,"Mike Riley",12,13,5,5,1,1,7,6,16,22,2,2,3,1,0,0,30,10,2.3,3.1,2.8,2.2,2.9,2.7,2.2,3.25,2.75,2.3,3.1,2.8,2.2,3,3
"36","E0",2000-09-06,"Coventry","Newcastle",0,2,"A",0,1,"A",22109,"Alan Wiley",13,13,3,6,1,0,6,8,11,18,10,3,1,1,0,0,10,10,2.4,3.1,2.6,2.35,3,2.35,2.5,3.25,2.4,2.5,3.2,2.5,2.5,3.25,2.4
"37","E0",2000-09-06,"Derby","Middlesbrough",3,3,"D",0,1,"A",24290,"Rob Styles",9,5,5,4,0,0,11,5,8,10,3,5,3,2,0,0,30,20,2.4,3.1,2.6,2.3,2.9,2.5,2.4,3.25,2.5,2.4,3.2,2.6,2.4,3.25,2.5
"38","E0",2000-09-06,"Leicester","Ipswich",2,1,"H",0,0,"D",19598,"Paul Taylor",12,7,6,3,0,0,6,2,12,13,3,0,1,1,0,0,10,10,1.7,3.4,4.15,1.7,3.1,3.8,1.55,3.5,5,1.7,3.25,4.5,1.66,3.4,4.33
"39","E0",2000-09-06,"Liverpool","Aston Villa",3,1,"H",3,0,"H",43360,"Neale Barry",11,9,7,4,0,0,8,7,13,7,4,3,0,2,0,0,0,20,1.66,3.4,4.5,1.6,3.2,4.2,1.55,3.5,5,1.62,3.4,5,1.57,3.5,5
"40","E0",2000-09-09,"Bradford","Arsenal",1,1,"D",1,0,"H",17160,"Alan Wiley",9,18,5,11,0,1,4,10,17,13,4,7,0,2,0,0,0,20,4.6,3.4,1.6,3.8,3.1,1.7,4,3.4,1.7,4.5,3.3,1.7,4.5,3.5,1.61
"41","E0",2000-09-09,"Coventry","Leeds",0,0,"D",0,0,"D",20377,"Paul Durkin",9,11,1,5,0,0,6,6,15,14,3,10,2,2,0,0,20,20,3.05,3.2,2.1,2.7,2.9,2.2,3.5,3.2,1.9,3.1,3.1,2.15,3,3.2,2.1
"42","E0",2000-09-09,"Ipswich","Aston Villa",1,2,"A",0,1,"A",22065,"Andy D'Urso",15,5,5,2,0,0,5,3,9,13,4,3,1,3,0,0,10,30,2.65,3.2,2.3,2.5,2.9,2.3,2.5,3.25,2.4,2.75,3.25,2.25,2.75,3.2,2.25
"43","E0",2000-09-09,"Leicester","Southampton",1,0,"H",0,0,"D",18366,"Mike Dean",17,9,6,5,0,0,10,6,6,9,2,1,0,0,0,0,0,0,1.71,3.4,4.2,1.75,3.1,3.6,1.8,3.25,3.75,1.73,3.25,4.33,1.66,3.4,4.33
"44","E0",2000-09-09,"Liverpool","Man City",3,2,"H",1,0,"H",44692,"Graham Barber",14,9,8,7,0,0,9,4,17,17,3,5,3,4,0,0,30,40,1.3,3.9,9.2,1.35,3.8,6.2,1.4,3.75,7,1.4,3.75,7.5,1.36,3.75,8
"45","E0",2000-09-09,"Man United","Sunderland",3,0,"H",1,0,"H",67503,"Neale Barry",15,5,7,1,1,0,4,4,18,14,3,6,1,3,0,0,10,30,1.25,4.1,9,1.35,3.8,6.2,1.35,3.75,8,1.33,4,9,1.25,4.5,10
"46","E0",2000-09-09,"Middlesbrough","Everton",1,2,"A",1,0,"H",30885,"Steve Bennett",9,12,5,9,0,0,7,7,16,5,6,7,3,0,0,0,30,0,2,3.3,3.2,1.9,2.9,3.2,1.9,3.2,3.5,1.7,3.4,4.2,1.83,3.3,3.6
"47","E0",2000-09-09,"Newcastle","Chelsea",0,0,"D",0,0,"D",51687,"Graham Poll",10,10,4,3,0,0,5,6,17,21,4,6,0,3,0,0,0,30,2.35,3.25,2.6,2.35,3,2.35,2.5,3.25,2.4,2.6,3.2,2.4,2.4,3.25,2.5
"48","E0",2000-09-10,"Derby","Charlton",2,2,"D",2,0,"H",22310,"Peter Jones",12,10,6,6,0,0,4,11,17,12,0,3,3,1,0,0,30,10,2,3.3,3.2,1.8,3,3.5,2.1,3.4,2.85,2.05,3.2,3.2,2,3.2,3.2
"49","E0",2000-09-11,"Tottenham","West Ham",1,0,"H",0,0,"D",33282,"Steve Dunn",15,11,7,5,1,0,11,3,14,13,2,7,1,2,0,0,10,20,1.85,3.3,3.7,2,2.9,3,2,3.2,3.2,2.05,3.2,3.4,1.9,3.25,3.4
"50","E0",2000-09-16,"Arsenal","Coventry",2,1,"H",1,0,"H",37794,"Mike Dean",18,6,13,2,0,1,8,4,5,13,3,0,1,2,0,0,10,20,1.25,4.8,9,1.35,3.8,6.2,1.25,4.5,10,1.33,4,9,1.25,4.33,10.5
"51","E0",2000-09-16,"Aston Villa","Bradford",2,0,"H",1,0,"H",27849,"Rob Styles",12,8,7,4,0,0,5,6,8,12,10,10,0,2,0,0,0,20,1.53,3.8,5,1.4,3.6,5.5,1.5,3.4,6,1.5,3.5,6,1.57,3.5,5
"52","E0",2000-09-16,"Charlton","Tottenham",1,0,"H",1,0,"H",20043,"Jeff Winter",9,10,5,5,1,1,7,5,8,10,3,2,0,0,0,0,0,0,2.6,3.3,2.3,2.7,2.9,2.2,2.75,3.2,2.25,2.63,3.2,2.38,2.62,3.25,2.3
"53","E0",2000-09-16,"Everton","Man United",1,3,"A",0,3,"A",38541,"Dermot Gallagher",6,17,4,9,0,1,6,5,10,11,12,4,4,1,0,0,40,10,4.4,3.4,1.66,3.5,3,1.8,4.3,3.2,1.7,5,3.5,1.62,4.33,3.3,1.7
"54","E0",2000-09-16,"Leeds","Ipswich",1,2,"A",1,1,"D",35552,"Mark Halsey",11,12,6,7,0,0,6,3,12,19,6,0,1,3,0,0,10,30,1.35,3.9,8,1.35,3.8,6.2,1.4,4,6.5,1.44,3.6,7,1.5,3.4,6
"55","E0",2000-09-16,"Southampton","Newcastle",2,0,"H",0,0,"D",15221,"Barry Knight",13,10,9,7,0,0,4,8,14,14,4,4,0,0,0,0,0,0,2.75,3.35,2.2,2.9,2.9,2.1,2.75,3.2,2.25,2.75,3.25,2.25,2.75,3.25,2.2
"56","E0",2000-09-16,"Sunderland","Derby",2,1,"H",1,0,"H",45343,"Paul Taylor",15,10,8,5,2,0,4,5,16,28,0,5,2,3,0,0,20,30,1.65,3.4,4.1,1.8,3,3.5,1.8,3.25,3.75,1.67,3.25,4.75,1.72,3.4,4
"57","E0",2000-09-17,"Chelsea","Leicester",0,2,"A",0,1,"A",33697,"Graham Barber",16,7,10,5,1,0,15,3,16,17,1,4,3,1,0,0,30,10,1.45,3.65,6.2,1.5,3.4,4.7,1.5,3.4,6,1.5,3.5,6,1.53,3.4,5.5
"58","E0",2000-09-17,"Man City","Middlesbrough",1,1,"D",0,0,"D",32053,"Steve Lodge",11,4,4,2,1,0,9,3,15,11,3,2,2,5,0,0,20,50,2.1,3.3,2.9,2.2,3,2.6,2.2,3.25,2.75,2.2,3.25,2.8,2.3,3.25,2.62
"59","E0",2000-09-17,"West Ham","Liverpool",1,1,"D",0,1,"A",25998,"David Ellaray",15,7,4,2,0,0,9,0,5,13,6,3,0,2,0,0,0,20,3,3.3,2,2.7,2.9,2.2,2.75,3.2,2.25,2.75,3.25,2.25,2.62,3.25,2.3
"60","E0",2000-09-23,"Bradford","Southampton",0,1,"A",0,1,"A",16163,"Steve Dunn",14,6,6,4,0,0,7,5,14,18,5,6,3,1,0,0,30,10,2.05,3.2,3.1,2.1,2.9,2.9,2.2,3.25,2.75,2.2,3.2,2.88,2.2,3.25,2.75
"61","E0",2000-09-23,"Coventry","West Ham",0,3,"A",0,2,"A",20120,"Neale Barry",9,12,2,10,1,0,5,6,12,11,0,6,0,1,0,0,0,10,2.2,3.15,2.85,2.1,2.9,2.9,2.4,3.25,2.5,2.3,3.2,2.7,2.2,3.25,2.75
"62","E0",2000-09-23,"Derby","Leeds",1,1,"D",0,1,"A",26248,"Barry Knight",13,16,7,6,1,1,7,4,17,15,3,3,2,2,1,0,45,20,2.75,3.05,2.25,2.35,3,2.35,2.75,3.25,2.2,2.75,3.25,2.25,3.2,3.2,2
"63","E0",2000-09-23,"Ipswich","Arsenal",1,1,"D",0,0,"D",22030,"Paul Durkin",17,10,6,4,0,0,4,7,8,13,1,6,1,2,0,0,10,20,4.2,3.25,1.75,3.3,3,1.85,4.3,3.4,1.65,4,3.2,1.8,4.5,3.3,1.66
"64","E0",2000-09-23,"Liverpool","Sunderland",1,1,"D",1,1,"D",44713,"Mike Riley",11,8,6,3,0,0,12,3,14,18,8,5,2,2,0,0,20,20,1.33,4.1,7.5,1.4,3.6,5.5,1.35,3.75,8,1.4,3.75,7,1.4,3.75,7
"65","E0",2000-09-23,"Man United","Chelsea",3,3,"D",3,2,"H",67568,"Peter Jones",11,13,5,5,1,0,8,4,15,19,3,6,3,2,0,0,30,20,1.55,3.5,5.1,1.6,3.2,4.2,1.6,3.5,4.5,1.62,3.4,5,1.61,3.5,4.5
"66","E0",2000-09-23,"Middlesbrough","Aston Villa",1,1,"D",0,0,"D",27556,"Mark Halsey",12,15,5,7,0,1,5,5,7,14,6,2,3,0,0,0,30,0,2.3,3.35,2.6,2.3,2.9,2.5,2.25,3.2,2.75,2.3,3.2,2.7,2.37,3.1,2.62
"67","E0",2000-09-23,"Newcastle","Charlton",0,1,"A",0,1,"A",50866,"Andy D'Urso",12,4,5,2,0,1,4,7,14,10,3,11,1,2,0,0,10,20,1.45,3.7,6.3,1.45,3.5,5,1.5,3.4,6,1.44,3.6,7,1.44,3.6,6.5
"68","E0",2000-09-23,"Tottenham","Man City",0,0,"D",0,0,"D",36069,"Steve Bennett",18,7,5,2,1,0,5,4,10,14,2,4,0,2,0,0,0,20,1.55,3.5,5.2,1.6,3.3,4,1.55,3.5,5,1.6,3.5,5,1.53,3.4,5.5
"69","E0",2000-09-24,"Leicester","Everton",1,1,"D",1,0,"H",18084,"Alan Wiley",10,9,4,3,1,0,9,3,14,13,1,1,3,1,0,0,30,10,1.85,3.25,3.65,1.75,3.1,3.6,1.7,3.2,4.3,1.95,3.2,3.4,1.8,3.3,3.75
"70","E0",2000-09-30,"Aston Villa","Derby",4,1,"H",2,0,"H",27941,"David Ellaray",12,11,7,6,0,1,6,6,0,1,4,3,1,1,0,0,10,10,1.5,3.45,5.3,1.5,3.4,4.7,1.55,3.5,5,1.5,3.4,6,1.53,3.4,5.5
"71","E0",2000-09-30,"Charlton","Coventry",2,2,"D",0,1,"A",20043,"Rob Styles",12,10,8,6,1,0,6,6,8,16,5,0,1,2,0,0,10,20,1.8,3.3,3.7,1.8,3,3.5,1.85,3.25,3.6,1.83,3.25,3.75,1.8,3.3,3.75
"72","E0",2000-09-30,"Everton","Ipswich",0,3,"A",0,1,"A",32597,"Jeff Winter",7,9,3,7,0,0,4,1,6,5,2,4,1,0,0,0,10,0,1.7,3.2,4.3,1.75,3.1,3.6,1.65,3.25,4.5,1.73,3.2,4.5,1.72,3.4,4
"73","E0",2000-09-30,"Leeds","Tottenham",4,3,"H",0,1,"A",37562,"Neale Barry",14,10,7,5,1,0,6,4,11,20,4,1,0,2,0,0,0,20,1.66,3.4,4.2,1.8,3,3.5,1.7,3.2,4.3,1.73,3.25,4.33,1.72,3.4,4
"74","E0",2000-09-30,"Man City","Newcastle",0,1,"A",0,0,"D",34497,"Paul Taylor",9,15,7,9,0,1,10,8,16,12,7,8,0,1,0,0,0,10,2.4,3.3,2.5,2.3,2.9,2.5,2.4,3.25,2.5,2.5,3.2,2.5,2.4,3.25,2.5
"75","E0",2000-09-30,"Southampton","Middlesbrough",1,3,"A",0,2,"A",14903,"Graham Poll",16,7,8,5,2,0,6,6,6,22,5,1,2,2,0,0,20,20,2.15,3.2,2.85,2.1,3,2.8,2.1,3.2,3,2.1,3.25,3,2.2,3.25,2.75
"76","E0",2000-09-30,"West Ham","Bradford",1,1,"D",1,0,"H",25407,"Mike Dean",14,9,6,6,0,0,7,2,14,10,8,0,3,2,0,0,30,20,1.5,3.55,6.1,1.55,3.3,4.5,1.55,3.5,5,1.4,3.75,6.5,1.44,3.6,6.5
"77","E0",2000-10-01,"Arsenal","Man United",1,0,"H",1,0,"H",38146,"Graham Barber",7,13,5,4,0,0,3,11,18,17,8,1,2,3,0,0,20,30,2.55,3.2,2.45,2.3,2.9,2.5,2.5,3.25,2.4,2.5,3.2,2.5,2.5,2.9,2.62
"78","E0",2000-10-01,"Chelsea","Liverpool",3,0,"H",2,0,"H",34966,"Dermot Gallagher",11,10,5,2,0,0,3,1,14,14,4,2,1,1,0,0,10,10,2,3.3,3.15,2.1,2.9,2.9,2.1,3.2,3,2.1,3.1,3.2,2.2,3,3
"79","E0",2000-10-01,"Sunderland","Leicester",0,0,"D",0,0,"D",45338,"Steve Lodge",11,8,5,2,0,0,6,2,12,8,4,9,3,1,0,0,30,10,2.05,3.2,3.15,1.9,3,3.1,2.1,3.2,3,2,3.2,3.3,1.9,3.2,3.5
"80","E0",2000-10-14,"Arsenal","Aston Villa",1,0,"H",0,0,"D",38046,"Rob Harris",16,8,10,3,0,0,7,4,12,20,3,3,1,4,0,1,10,65,1.47,3.5,6,1.6,3.2,4.2,1.4,3.75,7,1.53,3.4,6,1.53,3.4,5.5
"81","E0",2000-10-14,"Coventry","Tottenham",2,1,"H",2,0,"H",21435,"Peter Jones",0,4,5,5,0,1,3,5,12,16,3,6,0,4,1,0,25,40,2.6,3.1,2.4,2.3,2.9,2.5,2.5,3.25,2.4,2.6,3.2,2.4,2.62,3.1,2.37
"82","E0",2000-10-14,"Everton","Southampton",1,1,"D",0,0,"D",29491,"David Ellaray",7,7,3,4,0,0,9,8,16,13,1,1,1,3,0,0,10,30,1.85,3.25,3.7,1.8,3,3.5,1.9,3.25,3.4,1.91,3.25,3.5,1.8,3.3,3.75
"83","E0",2000-10-14,"Ipswich","West Ham",1,1,"D",1,0,"H",22243,"Neale Barry",11,7,8,2,1,0,8,5,10,11,1,5,0,4,0,0,0,40,2.2,3.2,2.9,2.2,2.9,2.7,2.4,3.25,2.5,2.3,3.2,2.7,2.37,3.1,2.62
"84","E0",2000-10-14,"Leeds","Charlton",3,1,"H",1,0,"H",38837,"Mike Dean",22,10,10,8,0,0,8,5,7,9,2,1,0,1,0,0,0,10,1.5,3.25,6.3,1.55,3.3,4.5,1.5,3.4,6,1.5,3.5,6,1.5,3.6,5.5
"85","E0",2000-10-14,"Leicester","Man United",0,3,"A",0,1,"A",22132,"Paul Durkin",10,16,4,5,0,1,6,7,8,11,3,2,0,0,0,0,0,0,3.7,3.3,1.85,3.1,3,1.9,3.75,3.2,1.85,3.75,3.25,1.85,3.75,3.3,1.8
"86","E0",2000-10-14,"Man City","Bradford",2,0,"H",2,0,"H",34229,"Barry Knight",13,10,10,2,1,0,5,6,10,16,7,8,0,2,0,0,0,20,1.7,3.35,4.2,1.7,3.1,3.8,1.7,3.5,3.75,1.75,3.4,4,1.8,3.3,3.75
"87","E0",2000-10-14,"Sunderland","Chelsea",1,0,"H",0,0,"D",45078,"Jeff Winter",16,11,11,2,1,0,5,0,12,18,3,1,0,1,1,1,25,35,3.05,3.05,2.15,2.35,3,2.35,2.75,3.2,2.25,2.88,3,2.3,3,3.2,2.1
"88","E0",2000-10-15,"Derby","Liverpool",0,4,"A",0,1,"A",30352,"Steve Bennett",6,16,0,11,0,0,4,3,18,13,5,9,1,1,0,0,10,10,3.3,3.2,1.95,3.2,2.9,1.9,3.4,3.25,1.9,3.75,3.25,1.83,3.75,3.2,1.83
"89","E0",2000-10-16,"Middlesbrough","Newcastle",1,3,"A",0,1,"A",31436,"Steve Dunn",8,15,2,8,0,0,6,6,8,13,4,4,2,1,0,0,20,10,2.45,3.1,2.55,2.4,2.9,2.4,2.35,3.2,2.6,2.38,3.2,2.63,2.5,3.1,2.5
"90","E0",2000-10-21,"Bradford","Ipswich",0,2,"A",0,1,"A",17045,"Paul Taylor",7,12,3,3,0,1,9,1,15,14,6,3,1,0,0,0,10,0,2.3,3.15,2.75,2.2,2.9,2.7,2.35,3.2,2.6,2.38,3,2.75,2.25,3.2,2.75
"91","E0",2000-10-21,"Charlton","Middlesbrough",1,0,"H",0,0,"D",20043,"Mike Riley",5,8,2,6,0,0,5,6,11,19,4,2,2,2,0,0,20,20,2.2,3.25,2.8,2.2,2.9,2.7,2.2,3.25,2.75,2.2,3.2,2.88,2.1,3.2,3
"92","E0",2000-10-21,"Chelsea","Coventry",6,1,"H",2,0,"H",34646,"Steve Lodge",33,3,19,3,1,0,10,0,6,8,3,5,0,1,0,1,0,35,1.4,3.8,6.5,1.5,3.4,4.7,1.4,3.75,7,1.4,3.75,7.5,1.4,3.6,7.5
"93","E0",2000-10-21,"Liverpool","Leicester",1,0,"H",0,0,"D",44395,"Andy D'Urso",24,8,11,3,0,0,10,9,8,10,1,3,1,2,0,0,10,20,1.5,3.5,5.5,1.5,3.4,4.7,1.5,3.4,6,1.53,3.5,5.5,1.5,3.4,6
"94","E0",2000-10-21,"Man United","Leeds",3,0,"H",1,0,"H",67523,"Jeff Winter",26,5,14,0,0,0,12,4,9,18,1,9,0,2,0,0,0,20,1.5,3.55,6,1.5,3.4,4.7,1.55,3.5,5,1.4,3.6,6,1.44,3.6,6.5
"95","E0",2000-10-21,"Newcastle","Everton",0,1,"A",0,0,"D",51625,"Mark Halsey",11,9,4,4,0,0,5,4,9,12,3,3,1,3,0,0,10,30,1.6,3.4,5,1.55,3.3,4.5,1.5,3.4,6,1.53,3.4,6,1.53,3.4,5.5
"96","E0",2000-10-21,"Tottenham","Derby",3,1,"H",2,1,"H",34483,"Mike Dean",18,8,8,7,0,0,7,4,9,16,7,6,1,2,0,0,10,20,1.55,3.4,5.65,1.5,3.4,4.7,1.45,3.75,6,1.5,3.5,6,1.44,3.6,6.5
"97","E0",2000-10-21,"West Ham","Arsenal",1,2,"A",0,2,"A",26034,"Dermot Gallagher",11,13,3,5,0,0,5,4,15,11,5,6,1,0,0,0,10,0,3.35,3.2,1.95,2.9,2.9,2.1,3.4,3.25,1.9,3.3,3.2,2,3,3.2,2.1
"98","E0",2000-10-22,"Aston Villa","Sunderland",0,0,"D",0,0,"D",27215,"Rob Styles",17,7,4,3,0,1,7,3,11,17,4,4,1,3,0,0,10,30,1.75,3.35,4,1.6,3.2,4.2,1.8,3.2,4,1.8,3.25,4,1.72,3.4,4
"99","E0",2000-10-23,"Southampton","Man City",0,2,"A",0,1,"A",15056,"Alan Wiley",19,11,6,4,0,0,9,3,10,15,2,0,1,2,0,0,10,20,1.95,3.2,3.4,2,2.9,3,2,3.2,3.2,2,3.25,3.25,1.9,3.25,3.4
"100","E0",2000-10-28,"Arsenal","Man City",5,0,"H",1,0,"H",38049,"Rob Styles",22,6,14,2,1,0,10,4,6,13,7,4,0,3,0,1,0,55,1.31,4.25,8,1.3,4,7,1.25,4.5,10,1.3,4.33,8.5,1.28,4.5,8
"101","E0",2000-10-28,"Aston Villa","Charlton",2,1,"H",2,0,"H",27461,"Dermot Gallagher",12,7,7,4,1,0,9,6,13,11,3,4,3,2,0,0,30,20,1.7,4.3,3.2,1.6,3.2,4.2,1.6,3.25,5,1.62,3.4,5,1.61,3.25,5
"102","E0",2000-10-28,"Chelsea","Tottenham",3,0,"H",2,0,"H",34966,"Steve Dunn",9,6,7,3,1,0,2,3,12,14,5,2,3,3,0,0,30,30,1.66,3.2,4.7,1.7,3.1,3.8,1.55,3.5,5,1.5,3.4,5.5,1.61,3.25,5
"103","E0",2000-10-28,"Ipswich","Middlesbrough",2,1,"H",2,0,"H",21771,"Neale Barry",19,7,11,3,1,0,6,1,8,17,1,4,0,2,0,0,0,20,2.2,3.2,2.85,2.1,2.9,2.9,1.85,3.2,3.75,2,3.2,3.2,2.1,3.2,3
"104","E0",2000-10-28,"Leicester","Derby",2,1,"H",1,1,"D",20525,"Graham Poll",9,7,5,2,0,0,7,3,9,18,2,1,0,3,0,0,0,30,1.6,3.35,4.9,1.6,3.2,4.2,1.5,3.4,6,1.6,3.25,5.5,1.66,3.1,5
"105","E0",2000-10-28,"Man United","Southampton",5,0,"H",2,0,"H",67581,"Andy D'Urso",16,12,8,5,1,0,7,7,5,9,3,5,0,0,0,0,0,0,1.2,5.3,10,1.2,4.7,9,1.25,4.5,10,1.22,4.8,11,1.2,5,11
"106","E0",2000-10-28,"Sunderland","Coventry",1,0,"H",0,0,"D",44526,"Alan Wiley",11,10,7,4,0,0,1,3,17,10,3,12,2,2,0,0,20,20,1.8,3.2,3.9,1.65,3.2,3.8,1.55,3.5,5,1.57,3.4,5.5,1.61,3.25,5
"107","E0",2000-10-28,"West Ham","Newcastle",1,0,"H",0,0,"D",26044,"Mike Riley",11,12,4,5,0,1,3,8,15,10,1,3,3,2,0,0,30,20,2.5,3.05,2.6,2.2,2.9,2.7,2.35,3.2,2.6,2.3,3.2,2.75,2.3,3.25,2.62
"108","E0",2000-10-29,"Bradford","Leeds",1,1,"D",1,0,"H",17364,"Steve Lodge",11,12,6,9,0,0,5,9,15,15,3,8,3,4,0,0,30,40,3.1,3.15,2.1,3,2.9,2,3.5,3.5,1.8,3.4,3.25,1.95,3.75,3.3,1.8
"109","E0",2000-10-29,"Liverpool","Everton",3,1,"H",1,1,"D",44718,"Paul Durkin",10,9,8,7,0,0,9,6,10,10,7,5,0,1,0,1,0,35,1.75,3.3,4.1,1.8,3,3.5,1.6,3.25,5,1.62,3.2,5.5,1.72,3.1,4.5
"110","E0",2000-11-04,"Charlton","Bradford",2,0,"H",2,0,"H",19655,"Neale Barry",11,12,7,8,0,0,3,6,10,20,9,1,0,1,0,1,0,35,1.7,3.25,4.5,1.6,3.2,4.2,1.7,3.4,4,1.67,3.4,4.5,1.72,3.4,4
"111","E0",2000-11-04,"Coventry","Man United",1,2,"A",0,2,"A",21079,"Graham Poll",4,11,2,6,0,1,3,9,17,8,4,5,1,1,0,0,10,10,4.55,3.35,1.66,4,3.3,1.6,6,3.4,1.5,6,3.4,1.53,5.5,3.25,1.57
"112","E0",2000-11-04,"Leeds","Liverpool",4,3,"H",1,2,"A",40055,"David Ellaray",10,14,7,8,1,0,7,7,18,18,10,4,1,4,0,0,10,40,2.3,3,2.85,2.2,2.9,2.7,2.37,3.2,2.6,2.38,3.2,2.63,2.5,3.1,2.5
"113","E0",2000-11-04,"Man City","Leicester",0,1,"A",0,0,"D",34279,"Mark Halsey",14,3,3,2,0,0,9,4,12,14,0,8,1,2,0,0,10,20,2.3,3.1,2.75,2.2,2.9,2.7,2.35,3.2,2.6,2.2,3.2,2.88,2.25,3.1,2.8
"114","E0",2000-11-04,"Middlesbrough","Arsenal",0,1,"A",0,1,"A",29541,"Andy D'Urso",4,11,3,8,0,0,5,8,10,11,3,4,1,1,1,0,35,10,3.55,3.2,1.9,3.5,3,1.8,5,3.5,1.57,5,3.4,1.62,4.5,3.3,1.66
"115","E0",2000-11-04,"Newcastle","Ipswich",2,1,"H",1,1,"D",50922,"Alan Wiley",11,8,6,5,0,0,7,4,13,7,7,5,1,0,0,0,10,0,1.75,3.2,4.35,1.75,3.1,3.6,1.65,3.25,4.5,1.6,3.5,4.75,1.72,3.4,4
"116","E0",2000-11-04,"Southampton","Chelsea",3,2,"H",2,0,"H",15236,"Jeff Winter",10,9,4,4,1,1,7,7,16,11,3,2,4,2,0,0,40,20,3.4,3.1,2,3.3,3,1.85,3.75,3.25,1.8,3.8,3.3,1.8,3.75,3.3,1.8
"117","E0",2000-11-04,"Tottenham","Sunderland",2,1,"H",1,0,"H",36016,"Dermot Gallagher",11,12,6,3,0,0,8,7,18,9,3,4,1,0,1,0,35,0,1.85,3.25,3.6,2,2.9,3,2.1,3.2,3,2,3.2,3.3,1.9,3.25,3.4
"118","E0",2000-11-05,"Everton","Aston Villa",0,1,"A",0,0,"D",27670,"Steve Lodge",14,4,6,1,0,0,6,2,17,23,1,1,3,2,0,0,30,20,2.3,3,2.9,2.3,2.9,2.5,2.35,3.2,2.6,2.4,3.2,2.63,2.37,3.1,2.62
"119","E0",2000-11-06,"Derby","West Ham",0,0,"D",0,0,"D",24621,"Paul Durkin",14,6,2,6,0,0,6,1,14,18,1,2,1,1,0,0,10,10,2.6,3.15,2.4,2.7,2.9,2.2,2.75,3.2,2.25,2.75,3.1,2.8,2.62,3.1,2.37
"120","E0",2000-11-11,"Arsenal","Derby",0,0,"D",0,0,"D",37679,"Steve Lodge",15,9,9,2,0,1,10,0,12,13,9,3,0,2,0,0,0,20,1.2,5.5,10,1.2,4.7,9,1.17,5.5,12,1.18,5.5,11,1.16,5.5,12
"121","E0",2000-11-11,"Aston Villa","Tottenham",2,0,"H",1,0,"H",33608,"Barry Knight",11,3,6,2,0,0,10,1,15,13,1,3,0,3,0,0,0,30,1.8,3.15,3.9,1.7,3.1,3.8,1.6,3.5,4.5,1.7,3.25,4.5,1.8,3.1,4
"122","E0",2000-11-11,"Bradford","Everton",0,1,"A",0,0,"D",17276,"Rob Harris",11,9,6,4,1,0,3,3,8,18,3,5,1,2,0,0,10,20,2.55,3.15,2.45,2.3,2.9,2.5,2.6,3.2,2.35,2.5,3.1,2.5,2.5,3.1,2.5
"123","E0",2000-11-11,"Ipswich","Charlton",2,0,"H",0,0,"D",22263,"Steve Bennett",30,7,13,4,0,0,13,3,8,12,2,4,0,2,0,0,0,20,1.9,3.15,3.6,1.9,2.9,3.2,1.9,3.25,3.4,1.9,3.25,3.6,1.83,3.2,3.75
"124","E0",2000-11-11,"Leicester","Newcastle",1,1,"D",0,0,"D",21406,"Rob Styles",8,7,4,1,0,0,0,3,7,8,6,3,1,1,0,0,10,10,2.15,3.05,3.1,2.2,2.9,2.7,2.1,3.2,3,2.2,3.2,2.88,2.2,3.2,2.8
"125","E0",2000-11-11,"Man United","Middlesbrough",2,1,"H",0,1,"A",67576,"Paul Durkin",18,5,11,1,0,0,10,0,5,10,8,5,0,0,0,0,0,0,1.21,5.15,10,1.25,4.3,8,1.2,5,11,1.18,5.5,11,1.16,5.5,12
"126","E0",2000-11-11,"Sunderland","Southampton",2,2,"D",1,1,"D",45064,"Mike Dean",11,10,5,5,1,0,7,4,13,21,3,4,1,1,0,0,10,10,1.66,3.3,4.7,1.6,3.2,4.2,1.55,3.5,5,1.6,3.3,5.25,1.66,3.3,4.5
"127","E0",2000-11-11,"West Ham","Man City",4,1,"H",0,1,"A",26022,"Jeff Winter",22,10,11,5,1,0,7,5,7,7,7,6,1,1,0,0,10,10,1.8,3.2,3.9,1.7,3.1,3.8,1.73,3.4,4,1.62,3.3,4.5,1.72,3.2,4.33
"128","E0",2000-11-12,"Chelsea","Leeds",1,1,"D",0,0,"D",35121,"Graham Poll",12,11,7,3,0,0,3,2,19,24,2,6,4,4,0,0,40,40,1.85,3.25,3.55,1.75,3.1,3.6,1.8,3.25,4,1.8,3.25,4,1.8,3.3,3.75
"129","E0",2000-11-12,"Liverpool","Coventry",4,1,"H",1,0,"H",43701,"Mike Riley",19,10,13,5,0,0,7,1,10,12,4,1,1,0,0,0,10,0,1.3,4.5,8,1.25,4.3,8,1.3,4,8,1.29,4.33,9,1.33,4,8
"130","E0",2000-11-18,"Charlton","Chelsea",2,0,"H",1,0,"H",20043,"Paul Durkin",10,13,6,3,0,1,4,5,18,22,5,1,2,3,0,0,20,30,3.2,3.1,2.05,2.9,2.9,2.1,2.75,3.25,2.2,3.3,3.2,2,3.4,3.25,1.9
"131","E0",2000-11-18,"Derby","Bradford",2,0,"H",0,0,"D",31614,"Andy D'Urso",7,7,3,4,0,0,2,4,10,18,2,3,3,1,0,0,30,10,1.85,3.25,3.55,1.85,2.9,3.4,1.7,3.4,4,1.75,3.4,4,1.72,3.4,4
"132","E0",2000-11-18,"Everton","Arsenal",2,0,"H",0,0,"D",33106,"Mike Riley",4,4,2,2,0,1,3,5,20,12,2,4,3,1,0,0,30,10,3.7,3.2,1.85,3.3,2.8,1.9,4.3,3.2,1.7,4,3.25,1.8,4,3.4,1.72
"133","E0",2000-11-18,"Leeds","West Ham",0,1,"A",0,1,"A",40005,"Paul Taylor",15,4,6,3,0,0,2,2,14,19,0,4,1,1,0,0,10,10,1.6,3.4,5,1.7,3.1,3.8,1.5,3.4,6,1.53,3.5,5.5,1.57,3.5,5
"134","E0",2000-11-18,"Man City","Man United",0,1,"A",0,1,"A",34429,"Steve Dunn",10,8,4,4,0,0,10,11,13,8,2,6,3,1,0,0,30,10,5.2,3.35,1.6,4.2,3.2,1.6,4.5,3.25,1.65,5.5,3.4,1.57,6,3.4,1.5
"135","E0",2000-11-18,"Middlesbrough","Leicester",0,3,"A",0,2,"A",27965,"Alan Wiley",11,9,4,7,1,0,6,2,8,12,3,4,3,1,0,0,30,10,2.55,3.1,2.45,2.2,2.9,2.7,2.35,3.2,2.6,2.4,3.2,2.6,2.37,3.1,2.62
"136","E0",2000-11-18,"Newcastle","Sunderland",1,2,"A",1,0,"H",52030,"Graham Poll",19,9,9,6,2,0,1,4,17,26,10,4,1,3,0,0,10,30,1.85,3.25,3.65,1.85,3,3.3,1.85,3.2,3.75,1.73,3.25,4.33,1.72,3.2,4.33
"137","E0",2000-11-18,"Southampton","Aston Villa",2,0,"H",2,0,"H",14979,"Peter Jones",7,9,3,3,0,0,3,3,10,10,3,2,0,0,0,0,0,0,2.65,3.05,2.4,2.4,2.9,2.4,2.6,3.2,2.35,2.7,3.1,2.38,2.62,3.1,2.37
"138","E0",2000-11-19,"Tottenham","Liverpool",2,1,"H",2,1,"H",36036,"Mark Halsey",6,9,4,4,1,0,6,5,11,13,3,3,1,2,0,0,10,20,2.65,3.25,2.3,2.35,3,2.35,2.75,3.2,2.25,2.75,3.25,2.25,2.75,3.2,2.25
"139","E0",2000-11-20,"Coventry","Ipswich",0,1,"A",0,0,"D",19322,"David Ellaray",12,10,5,4,1,0,5,5,10,12,6,4,1,1,0,0,10,10,2.4,2.95,2.75,2.2,2.9,2.7,2.4,3.25,2.5,2.4,3.2,2.6,2.5,3.1,2.5
"140","E0",2000-11-25,"Charlton","Sunderland",0,1,"A",0,0,"D",20043,"Steve Dunn",10,8,2,3,0,1,7,8,16,16,7,4,0,1,0,0,0,10,2.1,3.2,3,1.85,3,3.3,2.2,3.25,2.75,2.1,3.2,3.1,2.1,3.2,3
"141","E0",2000-11-25,"Coventry","Aston Villa",1,1,"D",0,1,"A",21464,"Jeff Winter",10,7,2,4,0,0,6,1,9,19,2,5,1,2,0,0,10,20,2.75,3.15,2.3,2.5,2.9,2.3,2.75,3.25,2.2,2.75,3.2,2.3,2.75,3.1,2.3
"142","E0",2000-11-25,"Derby","Man United",0,3,"A",0,0,"D",32910,"David Ellaray",1,12,0,7,0,0,3,9,12,12,3,4,2,1,0,0,20,10,6,3.6,1.45,4,3.1,1.65,6,3.75,1.44,6,3.6,1.5,6.5,3.6,1.44
"143","E0",2000-11-25,"Everton","Chelsea",2,1,"H",0,1,"A",33515,"Rob Styles",11,10,5,6,1,1,1,4,11,18,2,1,0,3,0,1,0,55,2.55,3.1,2.5,2.4,2.9,2.4,2.5,3.25,2.4,2.63,3.2,2.38,2.5,3.25,2.4
"144","E0",2000-11-25,"Man City","Ipswich",2,3,"A",0,2,"A",33741,"Mike Dean",9,11,4,4,0,2,6,5,8,5,7,2,0,2,0,0,0,20,2.25,3.15,2.8,2.1,3,2.8,2.37,3.2,2.6,2.3,3.2,2.7,2.37,3.1,2.62
"145","E0",2000-11-25,"Middlesbrough","Bradford",2,2,"D",0,2,"A",28526,"Paul Taylor",14,9,9,5,2,0,6,4,17,18,7,3,0,2,1,0,25,20,1.65,3.5,4.3,1.75,3.1,3.6,1.73,3.2,4.33,1.62,3.4,4.5,1.61,3.5,4.5
"146","E0",2000-11-25,"Southampton","West Ham",2,3,"A",1,2,"A",15232,"Steve Bennett",10,14,5,8,0,0,6,10,12,10,2,2,1,2,0,0,10,20,2.3,3.2,2.7,2.4,2.9,2.4,2.4,3.25,2.5,2.25,3.2,2.8,2.25,3.2,2.75
"147","E0",2000-11-25,"Tottenham","Leicester",3,0,"H",2,0,"H",35636,"Rob Harris",15,11,7,5,0,1,5,8,21,15,1,4,1,3,0,1,10,55,1.95,3.35,3.2,2,2.9,3,2.2,3.25,2.75,2.1,3.2,3.1,1.9,3.4,3.25
"148","E0",2000-11-26,"Leeds","Arsenal",1,0,"H",0,0,"D",38084,"Dermot Gallagher",12,9,6,3,1,1,8,4,19,22,3,3,1,7,0,0,10,70,2.5,3.2,2.5,2.4,2.9,2.4,2.5,3.25,2.4,2.6,3.2,2.4,2.62,3.25,2.3
"149","E0",2000-11-26,"Newcastle","Liverpool",2,1,"H",1,0,"H",51949,"Barry Knight",9,13,6,9,1,1,5,11,17,15,10,10,3,2,0,0,30,20,2.6,3.15,2.4,2.3,2.9,2.5,2.37,3.2,2.6,2.4,3.2,2.6,2.5,3.1,2.5
"150","E0",2000-12-02,"Arsenal","Southampton",1,0,"H",0,0,"D",38036,"Steve Dunn",24,7,12,5,3,1,16,8,14,15,3,6,0,2,0,0,0,20,1.25,5,8.5,1.35,3.8,6.2,NA,NA,NA,1.25,4.75,9,1.28,4.5,8
"151","E0",2000-12-02,"Aston Villa","Newcastle",1,1,"D",1,0,"H",34255,"David Ellaray",8,9,4,5,0,1,8,2,11,12,2,5,2,1,0,0,20,10,2,3.15,3.3,2,2.9,3,NA,NA,NA,2,3.25,3.25,1.9,3.25,3.4
"152","E0",2000-12-02,"Bradford","Coventry",2,1,"H",0,0,"D",15523,"Mike Dean",10,13,6,7,0,0,9,8,11,12,10,7,3,2,0,0,30,20,2.3,3.15,2.75,2.2,2.9,2.7,NA,NA,NA,2.3,3.2,2.7,2.25,3.2,2.75
"153","E0",2000-12-02,"Ipswich","Derby",0,1,"A",0,1,"A",22003,"Mark Halsey",11,3,5,3,0,0,6,1,13,13,1,0,1,1,0,0,10,10,1.57,3.5,5,1.6,3.2,4.2,NA,NA,NA,1.57,3.4,5.5,1.53,3.4,5.5
"154","E0",2000-12-02,"Leicester","Leeds",3,1,"H",3,0,"H",21486,"Steve Bennett",8,12,5,4,0,1,0,6,10,7,2,2,1,2,0,1,10,45,2.35,3.15,2.65,2.2,2.9,2.7,NA,NA,NA,2.5,3.1,2.6,2.5,3.1,2.5
"155","E0",2000-12-02,"Liverpool","Charlton",3,0,"H",1,0,"H",43515,"Rob Styles",13,7,3,2,0,0,6,5,10,9,2,2,1,1,0,0,10,10,1.33,4.3,7.5,1.4,3.6,5.5,NA,NA,NA,1.36,4,7.5,1.36,3.75,8
"156","E0",2000-12-02,"Man United","Tottenham",2,0,"H",1,0,"H",67583,"Graham Poll",16,5,8,3,0,0,7,5,7,8,6,5,2,1,0,0,20,10,1.3,4.3,8,1.35,3.8,6.2,NA,NA,NA,1.29,4.5,8.5,1.3,4,9.5
"157","E0",2000-12-02,"West Ham","Middlesbrough",1,0,"H",1,0,"H",25459,"Roy Burton",14,5,6,3,0,0,7,5,17,19,9,3,1,4,0,1,10,65,1.6,3.4,5,1.7,3.1,3.8,NA,NA,NA,1.57,3.4,5.5,1.57,3.5,5
"158","E0",2000-12-03,"Chelsea","Man City",2,1,"H",2,0,"H",34971,"Dermot Gallagher",9,11,7,5,1,0,7,10,9,12,6,3,2,0,0,0,20,0,1.43,3.6,7,1.45,3.5,5,1.44,3.6,6.5,1.44,3.6,7,1.44,3.5,7
"159","E0",2000-12-04,"Sunderland","Everton",2,0,"H",1,0,"H",46372,"Peter Jones",24,7,11,2,3,0,8,4,16,23,3,3,0,3,0,0,0,30,1.8,3.25,3.9,1.8,3,3.5,1.8,3.25,3.75,1.83,3.25,3.75,1.75,3.2,4.2
"160","E0",2000-12-09,"Arsenal","Newcastle",5,0,"H",2,0,"H",38052,"Mike Dean",15,3,10,1,0,0,5,2,10,11,6,3,0,3,0,0,0,30,1.45,3.5,6.5,1.5,3.4,4.7,1.44,3.6,6.5,1.44,3.6,7,1.44,3.6,6.5
"161","E0",2000-12-09,"Bradford","Tottenham",3,3,"D",1,2,"A",17225,"Neale Barry",13,6,6,4,1,0,7,2,6,16,7,17,2,0,0,0,20,0,2.75,3.15,2.3,2.35,3,2.35,2.75,3.2,2.25,2.63,3.3,2.3,2.62,3.3,2.25
"162","E0",2000-12-09,"Charlton","Man United",3,3,"D",1,2,"A",20043,"Steve Lodge",15,15,8,8,1,2,9,6,6,10,6,0,0,1,0,0,0,10,5.5,3.4,1.57,3.8,3.2,1.65,5,3.5,1.57,5.5,3.5,1.53,6,3.4,1.5
"163","E0",2000-12-09,"Chelsea","Derby",4,1,"H",3,0,"H",34317,"Paul Taylor",19,5,10,3,0,0,3,6,8,14,1,0,0,0,0,0,0,0,1.43,3.7,6.5,1.4,3.6,5.5,1.44,3.6,6.5,1.44,3.6,7,1.4,3.6,7.5
"164","E0",2000-12-09,"Man City","Everton",5,0,"H",3,0,"H",34516,"Steve Bennett",13,14,9,4,0,0,5,13,12,12,5,3,0,1,0,0,0,10,2.4,3.1,2.65,2.3,3,2.4,2.37,3.2,2.6,2.38,3.2,2.63,2.37,3.3,2.5
"165","E0",2000-12-09,"Southampton","Leeds",1,0,"H",1,0,"H",15225,"Paul Durkin",12,13,3,5,0,0,2,10,13,15,1,0,3,4,1,0,55,40,2.6,3,2.5,2.35,3,2.35,2.75,3.2,2.25,2.63,3.3,2.3,2.5,3.3,2.37
"166","E0",2000-12-09,"Sunderland","Middlesbrough",1,0,"H",0,0,"D",47742,"Graham Poll",8,8,5,5,0,0,5,3,22,21,2,2,1,3,0,0,10,30,1.65,3.4,4.5,1.75,3.1,3.6,1.61,3.25,5,1.62,3.4,5,1.66,3.3,4.5
"167","E0",2000-12-09,"West Ham","Aston Villa",1,1,"D",1,1,"D",25888,"Mike Riley",13,15,5,4,1,1,4,4,14,15,0,0,1,3,0,0,10,30,2.1,3.1,3.2,2,2.9,3,2,3.2,3.2,2.1,3.2,3.1,2.1,3.2,3
"168","E0",2000-12-10,"Coventry","Leicester",1,0,"H",1,0,"H",17283,"Steve Dunn",12,6,5,1,1,0,8,10,11,15,1,3,0,1,0,0,0,10,2.75,3.15,2.3,2.7,2.9,2.2,2.8,3.4,2.1,2.75,3.25,2.25,2.75,3.2,2.25
"169","E0",2000-12-10,"Liverpool","Ipswich",0,1,"A",0,1,"A",43509,"Alan Wiley",14,11,5,6,2,0,8,5,12,14,3,3,1,3,0,0,10,30,1.45,3.6,6.5,1.5,3.4,4.7,1.5,3.4,6,1.44,3.6,7,1.44,3.6,6.5
"170","E0",2000-12-16,"Aston Villa","Man City",2,2,"D",0,0,"D",29281,"Andy D'Urso",10,9,5,4,1,0,5,4,8,16,4,3,2,1,1,0,45,10,1.6,3.2,5.5,1.5,3.4,4.7,1.61,3.25,5,1.67,3,5.25,1.57,3.25,5.5
"171","E0",2000-12-16,"Derby","Coventry",1,0,"H",1,0,"H",27869,"Matt Messias",4,14,3,5,0,0,3,5,17,10,3,4,1,3,0,0,10,30,2,3.1,3.4,1.9,2.9,3.2,1.91,3.25,3.4,2.1,3.1,3.2,2,3.2,3.2
"172","E0",2000-12-16,"Everton","West Ham",1,1,"D",0,0,"D",31246,"Clive Wilkes",15,9,5,4,0,0,9,7,10,7,1,2,1,2,0,0,10,20,2.2,2.9,3.1,2.3,2.9,2.5,2.2,3.25,2.75,2.25,3.2,2.7,2.25,3.2,2.75
"173","E0",2000-12-16,"Ipswich","Southampton",3,1,"H",0,1,"A",22228,"Barry Knight",15,13,7,4,0,1,6,1,11,12,2,1,1,2,0,0,10,20,1.7,3.2,4.6,1.75,3.1,3.6,1.67,3.25,4.5,1.7,3.25,4.5,1.66,3.3,4.5
"174","E0",2000-12-16,"Leeds","Sunderland",2,0,"H",1,0,"H",40053,"Rob Styles",17,17,8,6,1,1,8,5,16,20,9,3,3,4,0,0,30,40,1.65,3.2,4.5,1.7,3.1,3.8,1.73,3.2,4.33,1.57,3.25,5.2,1.66,3.3,4.5
"175","E0",2000-12-16,"Leicester","Charlton",3,1,"H",1,1,"D",19371,"Alan Wiley",9,12,5,8,0,0,5,5,11,16,2,2,1,2,0,0,10,20,1.6,3.4,5,1.7,3.1,3.6,1.67,3.4,4.33,1.62,3.25,5,1.66,3.3,4.5
"176","E0",2000-12-16,"Middlesbrough","Chelsea",1,0,"H",0,0,"D",29422,"Peter Jones",7,9,4,3,0,0,3,5,14,16,2,2,0,2,0,0,0,20,2.9,3.1,2.2,2.7,2.9,2.2,2.75,3.2,2.25,3,3.2,2.1,3.1,3.1,2.1
"177","E0",2000-12-16,"Newcastle","Bradford",2,1,"H",1,0,"H",50470,"Steve Dunn",17,7,6,3,1,0,4,3,16,17,11,7,0,2,0,0,0,20,1.45,3.6,6.8,1.4,3.6,5.5,1.5,3.4,6,1.5,3.5,6,1.5,3.6,5.5
"178","E0",2000-12-17,"Man United","Liverpool",0,1,"A",0,1,"A",67533,"Mike Riley",6,9,4,4,0,1,9,2,10,11,2,4,1,0,1,0,35,0,1.6,3.3,5.2,1.5,3.4,4.7,1.5,3.4,6,1.62,3.4,5,1.5,3.4,6
"179","E0",2000-12-18,"Tottenham","Arsenal",1,1,"D",1,0,"H",36062,"Jeff Winter",8,17,4,10,0,0,3,7,20,14,1,2,2,1,0,0,20,10,2.75,3.2,2.25,2.35,3,2.35,2.8,3.2,2.2,2.7,3.2,2.3,2.8,3.2,2.2
"180","E0",2000-12-22,"Coventry","Southampton",1,1,"D",1,0,"H",18090,"Alan Wiley",12,10,5,2,1,0,8,6,12,13,3,3,1,1,0,0,10,10,2.1,3.2,2.9,2.1,2.9,2.9,2.25,3.2,2.75,2.15,3.2,3,2.2,3.2,2.8
"181","E0",2000-12-23,"Charlton","Everton",1,0,"H",1,0,"H",20042,"Graham Barber",10,10,7,4,0,1,13,6,15,21,6,4,1,4,0,0,10,40,1.9,3.2,3.4,1.9,3,3.1,2,3.2,3.2,2,3.2,3.3,2,3.2,3.2
"182","E0",2000-12-23,"Chelsea","Bradford",3,0,"H",1,0,"H",33377,"Barry Knight",17,7,8,1,1,0,5,4,8,12,8,7,0,1,0,0,0,10,1.33,3.8,8.5,1.35,3.8,6.2,1.33,4,8,1.3,4.2,9,1.33,4,8
"183","E0",2000-12-23,"Derby","Newcastle",2,0,"H",1,0,"H",29978,"Rob Harris",8,8,5,4,0,0,2,3,17,16,6,5,1,2,0,0,10,20,2.6,3,2.4,2.4,2.9,2.4,2.4,3.25,2.5,2.5,3.2,2.5,2.5,3.25,2.4
"184","E0",2000-12-23,"Leeds","Aston Villa",1,2,"A",0,1,"A",39714,"Mark Halsey",15,8,5,5,0,0,10,2,18,18,3,1,1,4,0,0,10,40,1.67,3.2,4.5,1.85,3,3.3,1.61,3.5,4.5,1.62,3.4,5,1.66,3.3,4.5
"185","E0",2000-12-23,"Leicester","West Ham",2,1,"H",1,1,"D",21524,"Graham Poll",11,11,6,4,0,0,6,5,7,5,0,2,1,0,0,0,10,0,1.95,3.1,3.4,2.1,2.9,2.9,2.2,3.25,2.75,2.05,3.2,3.2,2.1,3.2,3
"186","E0",2000-12-23,"Liverpool","Arsenal",4,0,"H",1,0,"H",44144,"Paul Durkin",12,12,6,6,0,0,6,3,18,14,3,1,2,0,0,0,20,0,2.15,3.1,2.95,2.1,2.9,2.9,2.2,3.25,2.75,2.25,3.2,2.8,2.2,3.2,2.8
"187","E0",2000-12-23,"Man United","Ipswich",2,0,"H",2,0,"H",67597,"Steve Bennett",20,5,4,3,1,0,11,3,7,8,2,4,0,1,0,0,0,10,1.3,4.2,8.5,1.45,3.5,5,1.36,3.75,8,1.36,3.9,8,1.28,4.5,8
"188","E0",2000-12-23,"Sunderland","Man City",1,0,"H",1,0,"H",47475,"David Ellaray",9,9,5,3,0,1,8,6,14,18,12,11,2,2,0,0,20,20,1.6,3.5,4.6,1.6,3.2,4.2,1.61,3.5,4.5,1.62,3.4,5,1.57,3.5,5
"189","E0",2000-12-23,"Tottenham","Middlesbrough",0,0,"D",0,0,"D",35638,"Rob Styles",16,5,8,0,1,0,8,4,22,13,4,4,2,3,0,0,20,30,1.55,3.5,5,1.75,3.1,3.6,1.57,3.5,5,1.57,3.4,5.5,1.57,3.5,5
"190","E0",2000-12-26,"Arsenal","Leicester",6,1,"H",1,0,"H",38007,"Dermot Gallagher",27,2,15,2,1,0,14,0,14,11,8,2,0,0,0,0,0,0,1.45,3.6,6,1.5,3.4,4.7,NA,NA,NA,1.44,3.75,6.5,1.4,3.6,7.5
"191","E0",2000-12-26,"Aston Villa","Man United",0,1,"A",0,0,"D",40889,"Graham Poll",6,14,3,3,0,0,2,4,15,16,4,1,1,2,0,0,10,20,3.8,3.2,1.81,3,2.9,2,NA,NA,NA,3.75,3.25,1.83,3.75,3.3,1.8
"192","E0",2000-12-26,"Bradford","Sunderland",1,4,"A",0,1,"A",20370,"Paul Durkin",11,16,3,11,0,0,9,8,17,17,8,6,2,0,0,0,20,0,2.6,3.2,2.3,2.4,2.9,2.4,NA,NA,NA,2.75,3.25,2.25,2.62,3.3,2.25
"193","E0",2000-12-26,"Everton","Coventry",1,2,"A",0,0,"D",35704,"Neale Barry",17,10,9,5,0,0,5,2,14,16,1,5,2,1,0,0,20,10,1.7,3.4,4,1.7,3.1,3.8,NA,NA,NA,1.8,3.25,4,1.66,3.4,4.33
"194","E0",2000-12-26,"Ipswich","Chelsea",2,2,"D",1,2,"A",22237,"Jeff Winter",19,7,13,4,0,0,8,2,5,9,3,3,0,4,0,0,0,40,2.15,3.2,2.75,2.3,2.9,2.5,NA,NA,NA,2.25,3.25,2.75,2.3,3.1,2.75
"195","E0",2000-12-26,"Man City","Derby",0,0,"D",0,0,"D",34321,"Mike Riley",15,14,7,3,1,2,7,7,15,14,1,7,2,2,0,0,20,20,1.85,3.2,3.6,1.9,3,3.1,NA,NA,NA,1.95,3.25,3.4,1.9,3.25,3.4
"196","E0",2000-12-26,"Middlesbrough","Liverpool",1,0,"H",1,0,"H",34696,"Steve Lodge",7,11,2,5,0,0,2,6,7,9,5,3,2,2,0,0,20,20,3.5,3.3,1.85,2.9,2.9,2.1,NA,NA,NA,3.6,3.4,1.83,3.75,3.2,1.83
"197","E0",2000-12-26,"Newcastle","Leeds",2,1,"H",2,1,"H",52118,"Andy D'Urso",13,8,4,5,2,1,7,2,23,17,3,4,4,2,0,0,40,20,2.3,3.2,2.6,2.2,2.9,2.7,NA,NA,NA,2.5,3.2,2.5,2.37,3.3,2.5
"198","E0",2000-12-26,"West Ham","Charlton",5,0,"H",3,0,"H",26046,"Steve Dunn",17,12,10,8,1,0,5,8,19,11,3,1,1,0,0,0,10,0,1.63,3.6,4.2,1.75,3.1,3.6,NA,NA,NA,1.62,3.4,4.75,1.61,3.6,4.33
"199","E0",2000-12-27,"Southampton","Tottenham",2,0,"H",2,0,"H",15237,"David Ellaray",17,7,6,2,1,0,4,4,17,13,1,4,1,3,0,0,10,30,2.3,3.1,2.65,2.2,2.9,2.7,2.37,3.2,2.6,2.3,3.25,2.7,2.37,3.1,2.62
"200","E0",2000-12-30,"Arsenal","Sunderland",2,2,"D",2,0,"H",38026,"Graham Barber",17,14,9,7,0,1,11,1,14,18,3,1,0,3,0,0,0,30,1.4,3.8,7.5,1.4,3.6,5.5,1.4,3.75,7,1.4,3.75,7.5,1.36,3.75,8
"201","E0",2000-12-30,"Ipswich","Tottenham",3,0,"H",1,0,"H",22234,"Matt Messias",18,6,9,3,1,0,10,5,13,17,3,5,0,0,0,0,0,0,1.95,3.4,3,2,2.9,3,1.91,3.2,3.5,2,3.25,3.25,1.9,3.25,3.4
"202","E0",2000-12-30,"Man City","Charlton",1,4,"A",0,2,"A",33280,"Clive Wilkes",8,13,1,8,0,0,7,4,11,14,2,4,1,2,0,0,10,20,1.9,3.1,3.6,1.9,3,3.1,1.8,3.2,4,1.83,3.25,3.75,1.8,3.3,3.75
"203","E0",2000-12-30,"Middlesbrough","Coventry",1,1,"D",0,1,"A",30499,"Dermot Gallagher",14,9,6,3,0,0,4,3,9,16,0,4,1,3,0,0,10,30,1.85,3.2,3.6,1.7,3.1,3.8,1.73,3.5,3.75,1.7,3.2,4.33,1.66,3.4,4.33
"204","E0",2000-12-30,"Newcastle","Man United",1,1,"D",0,1,"A",52134,"Mike Riley",14,8,4,6,0,0,6,3,13,10,6,4,2,3,0,0,20,30,3.7,3.3,1.75,3,2.9,2,3.75,3.25,1.8,4.2,3.25,1.75,3.75,3.3,1.8
"205","E0",2000-12-30,"Southampton","Derby",1,0,"H",0,0,"D",15075,"Andy D'Urso",10,9,5,5,0,0,7,6,17,10,3,3,0,2,0,0,0,20,1.9,3.1,3.6,1.85,3,3.3,1.83,3.2,3.75,1.91,3.25,3.5,1.83,3.3,3.6
"206","E0",2001-01-01,"Charlton","Arsenal",1,0,"H",1,0,"H",20043,"Graham Poll",9,10,4,5,0,0,6,12,15,12,5,2,1,1,0,0,10,10,3.5,3.2,1.85,3,2.9,2,3.5,3.2,1.91,3.6,3.25,1.9,3.4,3.25,1.9
"207","E0",2001-01-01,"Chelsea","Aston Villa",1,0,"H",1,0,"H",33159,"Paul Durkin",13,7,5,3,1,0,2,5,15,19,1,1,0,1,0,0,0,10,1.63,3.4,4.3,1.7,3.1,3.8,1.5,3.4,6,1.57,3.3,5,1.61,3.25,5
"208","E0",2001-01-01,"Coventry","Man City",1,1,"D",0,0,"D",21999,"Barry Knight",19,10,9,5,0,0,12,8,16,15,4,6,1,2,0,0,10,20,1.85,3.2,3.5,1.9,3,3.1,1.91,3.25,3.4,1.85,3.3,3.6,1.8,3.3,3.75
"209","E0",2001-01-01,"Derby","Everton",1,0,"H",1,0,"H",27358,"Alan Wiley",7,9,3,6,0,1,5,11,9,18,1,1,2,3,0,0,20,30,1.85,3.2,3.5,2.1,2.9,2.9,1.91,3.4,3.25,1.91,3.25,3.5,1.83,3.3,3.6
"210","E0",2001-01-01,"Leeds","Middlesbrough",1,1,"D",0,1,"A",39251,"David Ellaray",16,5,5,3,0,0,5,1,14,15,4,0,2,3,0,0,20,30,1.6,3.4,4.4,1.55,3.3,4.5,1.61,3.5,4.5,1.53,3.5,5.5,1.57,3.25,5.5
"211","E0",2001-01-01,"Leicester","Bradford",1,2,"A",1,2,"A",19278,"Steve Lodge",9,8,3,4,0,0,5,3,11,14,4,5,0,3,0,0,0,30,1.45,3.6,6,1.5,3.4,4.7,1.4,3.75,7,1.4,3.75,7,1.4,3.6,7.5
"212","E0",2001-01-01,"Liverpool","Southampton",2,1,"H",1,1,"D",38474,"Dermot Gallagher",16,7,8,3,0,0,15,2,8,5,1,0,0,1,0,0,0,10,1.32,4,6.9,1.35,3.8,6.2,1.36,3.75,8,1.33,4.2,8,1.3,4,9.5
"213","E0",2001-01-01,"Man United","West Ham",3,1,"H",2,0,"H",67603,"Peter Jones",25,9,12,5,1,0,8,2,17,13,1,5,1,2,0,0,10,20,1.3,4.2,7,1.4,3.6,5.5,1.33,4,8,1.3,4.5,8,1.28,4.5,8
"214","E0",2001-01-01,"Sunderland","Ipswich",4,1,"H",1,1,"D",46053,"Neale Barry",16,9,9,3,0,0,4,3,15,10,5,4,1,5,0,0,10,50,1.85,3.2,3.5,1.9,3,3.1,1.73,3.5,3.75,1.75,3.4,4,1.83,3.3,3.6
"215","E0",2001-01-02,"Tottenham","Newcastle",4,2,"H",3,1,"H",34324,"Steve Bennett",16,9,10,4,0,0,9,6,11,10,8,1,0,2,1,2,25,70,1.85,3.2,3.5,2,2.9,3,1.8,3.4,3.6,1.9,3.25,3.6,1.83,3.4,3.5
"216","E0",2001-01-13,"Arsenal","Chelsea",1,1,"D",1,0,"H",38071,"David Ellaray",15,12,8,8,0,0,10,3,13,15,4,4,1,4,0,0,10,40,1.7,3.2,4.6,1.8,3,3.5,1.73,3.4,4,1.73,3.2,4.5,1.72,3.2,4.33
"217","E0",2001-01-13,"Aston Villa","Liverpool",0,3,"A",0,2,"A",41366,"Graham Barber",5,12,1,6,0,1,1,4,7,10,3,4,2,0,0,0,20,0,2.6,3.2,2.4,2.3,2.9,2.5,2.6,3.2,2.37,2.7,3.1,2.38,2.75,3.1,2.3
"218","E0",2001-01-13,"Bradford","Man United",0,3,"A",0,0,"D",20551,"Alan Wiley",9,20,3,11,0,0,1,9,11,11,8,7,1,0,0,0,10,0,7.2,3.7,1.4,5,3.5,1.45,7,4,1.36,7,4,1.4,8,4,1.33
"219","E0",2001-01-13,"Everton","Tottenham",0,0,"D",0,0,"D",32290,"Andy D'Urso",17,4,8,1,0,0,9,0,11,15,2,2,1,0,0,0,10,0,2.1,3.1,3,2.1,2.9,2.9,2,3.2,3.2,2.1,3.2,3,2.1,3.1,3.1
"220","E0",2001-01-13,"Man City","Leeds",0,4,"A",0,1,"A",34288,"Mike Dean",5,10,3,6,0,0,4,5,23,17,4,6,5,3,0,0,50,30,2.6,3.2,2.4,2.35,3,2.35,2.75,3.2,2.25,2.7,3.2,2.3,2.5,3.3,2.37
"221","E0",2001-01-13,"Middlesbrough","Derby",4,0,"H",1,0,"H",29041,"Rob Styles",13,6,8,3,1,0,4,5,8,14,3,4,0,4,0,0,0,40,1.7,3.3,4.1,1.8,3,3.5,1.83,3.2,3.75,1.8,3.25,4,1.8,3.3,3.75
"222","E0",2001-01-13,"Newcastle","Coventry",3,1,"H",1,0,"H",50159,"Jeff Winter",11,12,6,5,0,0,2,7,6,9,7,11,0,3,0,0,0,30,1.55,3.4,5.8,1.55,3.3,4.5,1.57,3.5,5,1.53,3.5,5.5,1.53,3.4,5.5
"223","E0",2001-01-13,"Southampton","Charlton",0,0,"D",0,0,"D",15220,"Steve Lodge",17,10,6,4,1,0,9,3,8,12,1,2,0,0,0,0,0,0,1.8,3.35,3.7,1.8,3,3.5,1.8,3.25,3.75,1.75,3.25,4.2,1.7,3.4,4.2
"224","E0",2001-01-13,"West Ham","Sunderland",0,2,"A",0,1,"A",26014,"Matt Messias",13,7,6,5,1,0,9,6,20,21,9,2,4,2,0,0,40,20,2.1,3.2,2.9,2,2.9,3,2.1,3.2,3,2.05,3.2,3.2,2.1,3.2,3
"225","E0",2001-01-14,"Ipswich","Leicester",2,0,"H",0,0,"D",22002,"Mike Riley",22,6,9,3,1,0,8,1,14,10,0,4,1,1,0,0,10,10,1.9,3.3,3.45,2,2.9,3,1.8,3.25,3.75,1.91,3.25,3.5,1.9,3.25,3.4
"226","E0",2001-01-20,"Chelsea","Ipswich",4,1,"H",1,1,"D",34948,"Andy D'Urso",23,5,10,2,1,0,11,1,11,12,8,3,3,0,0,1,30,25,1.6,3.45,4.7,1.6,3.2,4.2,1.61,3.5,4.5,1.62,3.4,5,1.57,3.5,5
"227","E0",2001-01-20,"Coventry","Everton",1,3,"A",0,3,"A",19174,"Paul Durkin",9,8,5,4,0,0,15,3,9,22,1,10,0,1,0,0,0,10,1.9,3.15,3.5,1.9,3,3.1,2,3.2,3.2,1.85,3.25,3.5,1.83,3.3,3.6
"228","E0",2001-01-20,"Derby","Man City",1,1,"D",0,0,"D",31174,"Jeff Winter",9,10,3,4,0,0,5,4,17,22,4,5,2,2,0,0,20,20,1.85,3.25,3.65,1.75,3.1,3.6,1.73,3.4,4,1.8,3.25,4,1.8,3.3,3.75
"229","E0",2001-01-20,"Leeds","Newcastle",1,3,"A",1,2,"A",40005,"Alan Wiley",12,11,5,7,0,0,16,1,12,18,2,4,2,1,0,0,20,10,1.6,3.5,4.5,1.6,3.2,4.2,1.57,3.5,5,1.57,3.4,5.5,1.61,3.5,4.5
"230","E0",2001-01-20,"Leicester","Arsenal",0,0,"D",0,0,"D",21872,"Barry Knight",3,13,0,4,0,1,1,9,6,8,2,5,2,2,1,0,45,20,3.1,3.25,2,2.9,2.9,2.1,3.2,3.2,2,3.25,3.25,2,3.2,3.2,2
"231","E0",2001-01-20,"Liverpool","Middlesbrough",0,0,"D",0,0,"D",43042,"Steve Dunn",22,4,7,2,0,0,7,3,9,10,3,3,1,1,0,0,10,10,1.4,3.8,6.7,1.5,3.4,4.7,1.44,3.6,6.5,1.44,3.6,7,1.4,3.6,7.5
"232","E0",2001-01-20,"Man United","Aston Villa",2,0,"H",0,0,"D",67533,"Mike Riley",12,5,7,3,0,0,7,3,10,19,3,7,1,2,0,0,10,20,1.25,4.6,9.5,1.3,4,7,1.28,4.5,8,1.29,4.5,9,1.28,4.33,8.5
"233","E0",2001-01-20,"Tottenham","Southampton",0,0,"D",0,0,"D",36095,"Clive Wilkes",9,9,4,6,1,0,6,0,10,15,1,2,0,1,0,0,0,10,1.6,3.45,5,1.75,3.1,3.6,1.67,3.25,4.5,1.62,3.4,5,1.57,3.5,5
"234","E0",2001-01-21,"Sunderland","Bradford",0,0,"D",0,0,"D",47812,"Mark Halsey",14,7,6,3,0,1,8,7,10,13,0,7,0,1,0,0,0,10,1.3,4.2,8,1.3,4,7,1.4,3.75,7,1.33,4,8.5,1.33,4,8
"235","E0",2001-01-22,"Charlton","West Ham",1,1,"D",1,0,"H",20043,"Dermot Gallagher",9,18,3,3,0,0,0,5,11,8,2,2,0,1,0,0,0,10,2.25,3.05,2.9,2.3,2.9,2.5,2.25,3.2,2.75,2.2,3.2,2.88,2.2,3.2,2.8
"236","E0",2001-01-24,"Aston Villa","Leeds",1,2,"A",1,1,"D",29335,"Steve Bennett",12,7,4,3,3,0,5,3,11,10,1,1,2,0,0,0,20,0,2.15,3.2,2.9,2.1,2.9,2.9,2.25,3.2,2.75,2.3,3.2,2.7,2.1,3.2,3
"237","E0",2001-01-30,"Arsenal","Bradford",2,0,"H",2,0,"H",37318,"Clive Wilkes",20,6,8,2,2,0,6,3,12,14,3,1,1,2,0,0,10,20,1.23,4.8,10,1.2,4.7,9,1.28,4.33,9,1.25,4.6,10,1.2,5,11
"238","E0",2001-01-30,"Charlton","Derby",2,1,"H",1,1,"D",20043,"Mike Dean",13,6,9,3,1,0,9,3,13,14,0,4,2,1,0,0,20,10,1.75,3.4,4,1.75,3.1,3.6,1.73,3.2,4.33,1.83,3.25,3.75,1.9,3.25,3.4
"239","E0",2001-01-31,"Chelsea","Newcastle",3,1,"H",1,1,"D",35108,"Mark Halsey",14,4,4,2,0,0,7,2,12,19,1,4,1,3,0,0,10,30,1.6,3.5,4.8,1.6,3.2,4.2,1.53,3.5,5.5,1.53,3.5,5.5,1.57,3.5,5
"240","E0",2001-01-31,"Everton","Middlesbrough",2,2,"D",0,1,"A",34244,"Graham Barber",17,6,8,3,0,0,9,1,17,12,1,3,1,5,0,0,10,50,2.3,3.3,2.6,2.2,2.9,2.7,2.4,3.25,2.5,2.4,3.2,2.6,2.25,3.4,2.6
"241","E0",2001-01-31,"Leeds","Coventry",1,0,"H",0,0,"D",36559,"Rob Harris",11,3,6,1,1,0,9,2,18,19,4,1,4,5,0,0,40,50,1.45,3.6,6.5,1.5,3.4,4.7,1.44,3.75,6,1.44,3.75,6.5,1.4,3.75,7
"242","E0",2001-01-31,"Man City","Liverpool",1,1,"D",0,1,"A",34629,"Peter Jones",4,16,2,3,0,0,5,11,17,13,3,2,1,1,0,0,10,10,3.8,3.3,1.8,2.9,3,2,4,3.2,1.8,3.75,3.25,1.83,3.75,3.3,1.8
"243","E0",2001-01-31,"Southampton","Leicester",1,0,"H",0,0,"D",14909,"Steve Bennett",10,6,5,3,0,0,3,3,14,12,1,1,0,3,0,0,0,30,2.1,3,3.3,2.1,2.9,2.9,2,3.2,3.2,2,3.2,3.3,2.2,3.25,2.75
"244","E0",2001-01-31,"Sunderland","Man United",0,1,"A",0,0,"D",48260,"Graham Poll",9,13,2,7,0,0,3,2,15,13,5,11,2,0,2,1,70,25,3.6,3.25,1.85,2.8,3,2.1,3.5,3.2,1.91,3.4,3.2,1.95,3.5,3.2,1.9
"245","E0",2001-01-31,"West Ham","Tottenham",0,0,"D",0,0,"D",26048,"Neale Barry",17,14,6,6,1,0,9,4,9,16,4,2,1,1,0,0,10,10,1.91,3.2,3.6,1.85,3,3.3,1.91,3.2,3.5,1.91,3.2,3.6,1.9,3.25,3.4
"246","E0",2001-02-03,"Bradford","Aston Villa",0,3,"A",0,0,"D",19591,"Dermot Gallagher",9,13,2,6,0,0,3,4,14,14,3,10,2,0,0,0,20,0,2.7,3,2.4,2.7,2.9,2.2,2.4,3.25,2.5,2.63,3.2,2.38,2.62,3.25,2.3
"247","E0",2001-02-03,"Coventry","Arsenal",0,1,"A",0,0,"D",22035,"Mike Dean",12,8,4,6,0,0,3,7,13,14,2,5,3,4,0,0,30,40,4.05,3.2,1.75,3.2,2.9,1.9,4.33,3.4,1.67,4.33,3.25,1.73,4,3.4,1.72
"248","E0",2001-02-03,"Derby","Sunderland",1,0,"H",1,0,"H",29129,"Barry Knight",9,17,3,5,1,1,3,4,16,18,14,1,7,3,0,0,70,30,2.67,3.1,2.35,2.4,2.9,2.4,2.6,3.2,2.37,2.63,3.2,2.38,2.75,3.2,2.25
"249","E0",2001-02-03,"Ipswich","Leeds",1,2,"A",0,2,"A",22015,"Peter Jones",11,10,6,3,0,0,3,4,10,15,0,7,1,2,1,0,35,20,2.1,3.1,3.12,2.2,2.9,2.7,2.2,3.25,2.75,2.25,3.25,2.75,2.25,3.2,2.75
"250","E0",2001-02-03,"Leicester","Chelsea",2,1,"H",1,0,"H",21502,"Steve Dunn",10,8,5,4,0,0,2,7,7,13,3,1,0,1,0,0,0,10,2.32,3,2.82,2.4,2.9,2.4,2.5,3.25,2.4,2.6,3.2,2.4,2.62,3.25,2.3
"251","E0",2001-02-03,"Liverpool","West Ham",3,0,"H",2,0,"H",44045,"Steve Bennett",14,8,10,3,0,0,5,3,9,6,0,0,0,1,0,1,0,35,1.46,3.55,6.4,1.55,3.3,4.5,1.5,3.4,6,1.5,3.5,6,1.5,3.8,5
"252","E0",2001-02-03,"Man United","Everton",1,0,"H",0,0,"D",67528,"Jeff Winter",8,5,1,1,0,0,2,5,8,11,3,4,0,2,0,0,0,20,1.2,5,11,1.2,4.7,9,1.22,5,9,1.22,5,10,1.22,4.5,12
"253","E0",2001-02-03,"Middlesbrough","Man City",1,1,"D",0,1,"A",31794,"Alan Wiley",14,6,6,3,0,0,4,2,12,14,4,6,0,2,1,0,25,20,1.7,3.2,4.4,1.7,3.1,3.8,1.61,3.25,5,1.67,3.25,4.75,1.66,3.4,4.33
"254","E0",2001-02-03,"Tottenham","Charlton",0,0,"D",0,0,"D",35368,"David Ellaray",9,7,3,2,0,0,2,3,17,14,2,1,2,0,0,0,20,0,1.68,3.3,4.6,1.8,3,3.5,1.67,3.25,4.5,1.73,3.25,4.33,1.66,3.4,4.33
"255","E0",2001-02-07,"Everton","Leeds",2,2,"D",1,0,"H",34224,"Neale Barry",7,9,4,5,0,1,4,7,18,18,3,3,2,1,0,0,20,10,2.75,3.2,2.25,2.4,2.9,2.4,2.75,3.25,2.2,2.75,3.25,2.25,2.8,3.2,2.2
"256","E0",2001-02-10,"Arsenal","Ipswich",1,0,"H",0,0,"D",38011,"Rob Harris",17,5,10,3,0,0,11,3,16,15,4,3,2,1,0,0,20,10,1.4,3.9,6.75,1.4,3.6,5.5,1.33,4,8,1.36,4,7.5,1.36,3.75,8
"257","E0",2001-02-10,"Aston Villa","Middlesbrough",1,1,"D",1,0,"H",28912,"Clive Wilkes",15,6,4,3,0,0,7,4,11,11,0,3,1,1,0,0,10,10,1.95,3,3.7,1.9,2.9,3.2,2.1,3.2,3,2,3.2,3.3,1.9,3.25,3.4
"258","E0",2001-02-10,"Chelsea","Man United",1,1,"D",1,0,"H",34960,"David Ellaray",8,16,4,6,0,0,3,8,16,12,3,0,0,2,0,0,0,20,2.7,3.05,2.35,2.3,2.9,2.5,2.75,3.2,2.25,2.63,3.2,2.38,2.7,3,2.37
"259","E0",2001-02-10,"Everton","Leicester",2,1,"H",2,0,"H",30409,"Rob Styles",9,9,6,2,0,0,7,2,12,7,3,2,3,2,0,0,30,20,2.4,2.9,2.8,2.3,2.9,2.5,2.37,3.2,2.6,2.25,3.2,2.8,2.25,3.2,2.75
"260","E0",2001-02-10,"Leeds","Derby",0,0,"D",0,0,"D",38789,"Jeff Winter",12,3,6,2,0,0,17,4,11,17,4,2,2,5,0,0,20,50,1.4,3.65,6.5,1.55,3.3,4.5,1.44,3.75,6,1.44,3.75,6.5,1.44,3.6,6.5
"261","E0",2001-02-10,"Man City","Tottenham",0,1,"A",0,0,"D",34399,"Steve Dunn",11,11,4,4,1,0,7,3,17,10,2,6,1,0,0,0,10,0,2.35,3,2.75,2.3,2.9,2.5,2.2,3.25,2.75,2.2,3.2,2.88,2.37,3.1,2.62
"262","E0",2001-02-10,"Southampton","Bradford",2,0,"H",0,0,"D",14651,"Graham Poll",12,4,6,1,0,0,8,0,9,16,9,4,0,1,0,0,0,10,1.5,3.6,5.7,1.5,3.4,4.7,1.44,3.6,6.5,1.5,3.5,6,1.53,3.4,5.5
"263","E0",2001-02-10,"Sunderland","Liverpool",1,1,"D",0,0,"D",47553,"Graham Barber",9,8,6,4,0,0,9,6,15,25,4,6,5,3,0,0,50,30,2.5,2.95,2.6,2.35,3,2.35,2.6,3.2,2.37,2.5,3.2,2.5,2.5,3.25,2.4
"264","E0",2001-02-11,"Charlton","Newcastle",2,0,"H",2,0,"H",20043,"Paul Durkin",11,5,4,3,1,0,4,11,10,12,0,2,2,1,0,0,20,10,2.2,3,3,2.2,2.9,2.7,2.1,3.2,3,2.2,3.2,2.88,2.2,3.2,2.8
"265","E0",2001-02-12,"West Ham","Coventry",1,1,"D",0,0,"D",22586,"Dermot Gallagher",21,13,9,4,1,0,5,4,13,16,3,4,2,5,0,0,20,50,1.55,3.4,5.6,1.55,3.3,4.5,1.5,3.4,6,1.57,3.4,5.5,1.57,3.5,5
"266","E0",2001-02-24,"Bradford","West Ham",1,2,"A",0,1,"A",20469,"Steve Lodge",15,11,5,5,0,0,7,1,9,10,4,6,1,2,0,0,10,20,2.82,3.1,2.25,2.9,2.9,2.1,NA,NA,NA,3,3.25,2.1,3,3.2,2.1
"267","E0",2001-02-24,"Coventry","Charlton",2,2,"D",1,1,"D",19480,"Mark Halsey",17,15,7,7,0,1,3,7,15,11,0,7,0,0,0,0,0,0,2.28,3.15,2.75,2.2,2.9,2.7,NA,NA,NA,2.2,3.25,2.8,2.25,3.2,2.75
"268","E0",2001-02-24,"Derby","Aston Villa",1,0,"H",1,0,"H",27289,"Alan Wiley",9,19,5,7,0,1,1,9,9,10,3,2,1,1,0,0,10,10,2.37,3.1,2.65,2.3,2.9,2.5,NA,NA,NA,2.38,3.2,2.63,2.37,3.1,2.62
"269","E0",2001-02-24,"Ipswich","Everton",2,0,"H",0,0,"D",22220,"Graham Poll",12,8,6,2,0,0,3,2,11,14,1,5,1,2,0,1,10,45,1.82,3.2,3.85,1.85,3,3.3,NA,NA,NA,1.85,3.25,3.75,1.83,3.2,3.75
"270","E0",2001-02-24,"Leicester","Sunderland",2,0,"H",1,0,"H",21086,"Andy D'Urso",11,9,7,3,0,0,6,5,13,16,9,1,0,4,0,1,0,65,2.1,3.1,2.85,1.9,3,3.1,NA,NA,NA,1.9,3.25,3.5,1.83,3.2,3.75
"271","E0",2001-02-24,"Middlesbrough","Southampton",0,1,"A",0,0,"D",28725,"Neale Barry",11,10,6,5,1,0,3,6,9,9,4,6,1,0,0,0,10,0,1.85,3.2,3.7,1.85,3,3.3,NA,NA,NA,1.85,3.2,3.75,1.9,3.1,3.6
"272","E0",2001-02-24,"Newcastle","Man City",0,1,"A",0,0,"D",51981,"Rob Harris",10,11,3,3,0,0,5,5,18,11,4,2,1,0,0,0,10,0,1.55,3.4,5.5,1.55,3.3,4.5,NA,NA,NA,1.53,3.5,5.5,1.57,3.5,5
"273","E0",2001-02-24,"Tottenham","Leeds",1,2,"A",1,1,"D",36070,"Jeff Winter",13,15,4,9,1,0,5,12,16,14,4,3,2,1,0,0,20,10,2.27,3.1,2.82,2.1,2.9,2.9,NA,NA,NA,2.25,3.25,2.75,2.2,3.2,2.8
"274","E0",2001-02-25,"Man United","Arsenal",6,1,"H",5,1,"H",67535,"Paul Durkin",16,6,9,2,1,0,3,3,10,6,5,8,0,0,0,0,0,0,1.77,3.2,4.1,1.8,3,3.5,NA,NA,NA,1.9,3.25,3.75,1.9,3.2,3.5
"275","E0",2001-03-03,"Arsenal","West Ham",3,0,"H",3,0,"H",38076,"Mike Riley",16,4,6,2,0,0,5,6,19,12,5,6,2,3,0,0,20,30,1.5,3.55,6.2,1.6,3.2,4.2,NA,NA,NA,1.5,3.5,6,1.5,3.6,5.5
"276","E0",2001-03-03,"Coventry","Chelsea",0,0,"D",0,0,"D",21609,"Steve Bennett",17,24,10,11,0,1,5,8,13,15,4,1,2,2,0,0,20,20,2.7,3,2.4,2.9,2.9,2.1,NA,NA,NA,2.75,3.25,2.25,2.62,3.25,2.3
"277","E0",2001-03-03,"Derby","Tottenham",2,1,"H",2,0,"H",29410,"Rob Harris",8,13,4,7,0,0,6,7,20,12,2,1,2,3,0,0,20,30,2.33,3.1,2.7,2.1,2.9,2.9,NA,NA,NA,2.2,3.2,2.88,2.2,3.2,2.8
"278","E0",2001-03-03,"Everton","Newcastle",1,1,"D",0,0,"D",35779,"David Ellaray",16,4,6,2,0,0,4,1,13,12,5,3,1,2,0,0,10,20,2.28,3.1,2.8,2.1,2.9,2.9,NA,NA,NA,2.05,3.25,3.1,2.2,3.2,2.8
"279","E0",2001-03-03,"Leeds","Man United",1,1,"D",0,0,"D",40055,"Graham Barber",18,5,10,5,0,0,14,3,25,21,13,1,3,5,0,0,30,50,2.73,3.1,2.32,2.35,3,2.35,NA,NA,NA,2.75,3.2,2.3,2.87,3.3,2.1
"280","E0",2001-03-03,"Leicester","Liverpool",2,0,"H",0,0,"D",21924,"Dermot Gallagher",9,8,7,3,0,0,4,7,9,7,3,1,1,1,0,0,10,10,2.63,3.15,2.38,2.4,2.9,2.4,NA,NA,NA,2.7,3.2,2.3,2.75,3.2,2.25
"281","E0",2001-03-03,"Man City","Southampton",0,1,"A",0,0,"D",33990,"Jeff Winter",15,6,7,1,0,0,5,6,15,15,1,6,1,1,0,0,10,10,2.25,3.2,2.8,2.2,2.9,2.7,NA,NA,NA,2.25,3.25,2.75,2.2,3.25,2.75
"282","E0",2001-03-03,"Middlesbrough","Charlton",0,0,"D",0,0,"D",28177,"Mike Dean",8,11,2,8,0,0,4,5,13,12,1,1,1,1,0,0,10,10,2.25,3.2,2.9,2,2.9,3,NA,NA,NA,2.05,3.2,3.2,2,3.2,3.2
"283","E0",2001-03-04,"Ipswich","Bradford",3,1,"H",0,1,"A",21820,"Andy D'Urso",21,7,8,5,0,0,7,2,13,14,3,5,0,4,0,0,0,40,1.43,3.65,6.8,1.45,3.5,5,NA,NA,NA,1.44,3.6,6.75,1.33,4,8
"284","E0",2001-03-05,"Sunderland","Aston Villa",1,1,"D",0,0,"D",47196,"Steve Lodge",18,6,12,2,1,0,5,3,17,18,3,8,1,2,0,0,10,20,1.92,3.15,3.55,1.9,3,3.1,1.83,3.2,3.75,1.91,3.2,3.6,1.9,3.2,3.5
"285","E0",2001-03-07,"West Ham","Chelsea",0,2,"A",0,2,"A",26016,"Alan Wiley",7,17,2,6,1,0,1,0,12,9,3,0,2,2,0,0,20,20,2.25,3.15,2.8,2.3,2.9,2.5,2.6,3.2,2.37,2.5,3.2,2.5,2.5,3.1,2.5
"286","E0",2001-03-10,"Aston Villa","Ipswich",2,1,"H",0,1,"A",28216,"Rob Styles",9,8,5,3,2,0,6,2,15,11,3,1,1,1,0,0,10,10,2.1,3.1,3.1,1.9,2.9,3.2,2.2,3.25,2.75,2.1,3.2,3,2,3.2,3.2
"287","E0",2001-03-17,"Bradford","Man City",2,2,"D",0,1,"A",19117,"Steve Dunn",16,10,7,3,0,0,3,3,13,12,2,7,2,1,0,0,20,10,2.45,3.1,2.6,2.6,3,2.2,2.62,3.4,2.25,2.63,3.3,2.3,2.62,3.25,2.3
"288","E0",2001-03-17,"Charlton","Leeds",1,2,"A",1,1,"D",20043,"Clive Wilkes",7,7,3,5,0,0,2,5,19,13,1,1,3,5,0,0,30,50,2.5,3.05,2.57,2.3,2.9,2.5,2.25,3.4,2.62,2.6,3.2,2.4,2.62,3.1,2.37
"289","E0",2001-03-17,"Chelsea","Sunderland",2,4,"A",2,1,"H",34981,"Paul Durkin",14,11,6,7,1,1,4,5,15,26,11,4,0,0,0,0,0,0,1.55,3.5,5.25,1.6,3.2,4.2,1.57,3.5,5,1.57,3.4,5.5,1.53,3.4,5.5
"290","E0",2001-03-17,"Man United","Leicester",2,0,"H",0,0,"D",67516,"Alan Wiley",19,5,8,2,1,0,14,2,11,13,6,5,1,1,0,0,10,10,1.27,4.55,9,1.35,3.8,6.2,1.28,4.5,8,1.25,5,9,1.25,4.5,10
"291","E0",2001-03-17,"Newcastle","Middlesbrough",1,2,"A",0,2,"A",51751,"Graham Barber",16,7,5,4,1,0,5,1,14,19,6,4,0,3,0,1,0,55,1.8,3.2,4.05,1.9,3,3.1,1.83,3.2,3.75,1.8,3.2,4,1.9,3.1,3.6
"292","E0",2001-03-17,"Southampton","Everton",1,0,"H",0,0,"D",15251,"Mark Halsey",17,5,5,1,0,0,6,6,13,18,2,0,1,1,0,0,10,10,1.82,3.25,3.9,1.8,3,3.5,1.61,3.5,4.5,1.73,3.4,4.2,1.8,3.3,3.75
"293","E0",2001-03-17,"Tottenham","Coventry",3,0,"H",2,0,"H",35606,"Graham Poll",12,11,4,5,1,0,5,8,13,10,6,3,0,1,0,0,0,10,1.6,3.3,5.3,1.7,3.1,3.8,1.5,3.4,6,1.57,3.4,5.5,1.53,3.4,5.5
"294","E0",2001-03-17,"West Ham","Ipswich",0,1,"A",0,0,"D",26046,"Mike Dean",5,13,2,5,0,0,4,5,14,8,5,2,0,0,0,0,0,0,2.05,3.1,3.3,2.1,2.9,2.9,2.1,3.2,3,2,3.25,3.25,2.1,3.2,3
"295","E0",2001-03-18,"Aston Villa","Arsenal",0,0,"D",0,0,"D",36111,"Barry Knight",4,14,2,5,0,0,3,3,16,13,7,7,2,2,0,1,20,45,2.8,3.1,2.28,2.4,2.9,2.4,2.75,3.25,2.2,3,3.2,2.15,3,3.2,2.1
"296","E0",2001-03-18,"Liverpool","Derby",1,1,"D",0,1,"A",43362,"Neale Barry",18,7,8,4,0,0,9,3,11,9,0,4,2,2,0,0,20,20,1.35,4.25,7,1.35,3.8,6.2,1.36,3.75,8,1.4,3.75,7.5,1.4,3.6,7.5
"297","E0",2001-03-31,"Arsenal","Tottenham",2,0,"H",0,0,"D",38121,"Paul Durkin",25,4,19,3,1,0,12,2,5,6,5,4,0,1,0,0,0,10,1.52,3.45,5.38,1.6,3.2,4.2,1.67,3.4,4.33,1.6,3.25,5.5,1.57,3.25,5.5
"298","E0",2001-03-31,"Bradford","Newcastle",2,2,"D",2,1,"H",20160,"Paul Taylor",22,14,8,7,0,0,10,8,17,23,2,8,0,1,0,0,0,10,2.9,3.15,2.2,2.8,3,2.1,2.75,3.2,2.25,2.88,3.2,2.2,3,3.2,2.1
"299","E0",2001-03-31,"Chelsea","Middlesbrough",2,1,"H",1,0,"H",34933,"Peter Jones",17,7,5,3,0,0,4,3,19,10,5,4,2,1,0,0,20,10,1.55,3.45,5.5,1.6,3.2,4.2,1.57,3.5,5,1.5,3.5,6,1.5,3.4,6
"300","E0",2001-03-31,"Coventry","Derby",2,0,"H",1,0,"H",19654,"David Ellaray",12,14,7,8,0,0,9,4,12,16,4,4,0,1,1,0,25,10,2.3,3,2.9,2.1,2.9,2.9,2.37,3.2,2.6,2.3,3.2,2.7,2.3,3.25,2.62
"301","E0",2001-03-31,"Liverpool","Man United",2,0,"H",2,0,"H",44806,"Graham Poll",15,9,6,3,0,0,6,4,8,8,4,2,1,1,1,0,35,10,2.5,3,2.6,2.2,2.9,2.7,2.6,3.2,2.37,2.6,3.2,2.4,2.6,3.1,2.4
"302","E0",2001-03-31,"Man City","Aston Villa",1,3,"A",1,2,"A",34243,"Rob Styles",12,8,6,7,1,0,9,2,18,13,2,6,6,4,1,0,85,40,2.4,3.1,2.7,2.4,2.9,2.4,2.37,3.2,2.6,2.4,3.2,2.6,2.37,3.1,2.62
"303","E0",2001-03-31,"Sunderland","Leeds",0,2,"A",0,1,"A",48285,"Steve Dunn",14,7,8,4,0,0,8,4,17,10,2,12,2,2,0,1,20,45,2.35,3,2.8,2.2,2.9,2.7,2.2,3.25,2.75,2.25,3.2,2.8,2.25,3.2,2.75
"304","E0",2001-03-31,"West Ham","Everton",0,2,"A",0,1,"A",26044,"Andy D'Urso",17,10,6,7,0,1,8,2,16,16,4,3,3,2,1,0,55,20,1.83,3.2,3.8,1.85,2.9,3.4,1.83,3.2,3.75,1.85,3.25,3.75,1.83,3.3,3.6
"305","E0",2001-04-01,"Charlton","Leicester",2,0,"H",1,0,"H",20043,"Jeff Winter",16,5,9,1,2,0,6,2,12,9,3,2,2,2,0,0,20,20,2.15,3.15,3,2.1,2.9,2.9,1.91,3.25,3.4,2.1,3.25,3,2,3.2,3.2
"306","E0",2001-04-02,"Southampton","Ipswich",0,3,"A",0,1,"A",15244,"Alan Wiley",11,11,3,5,1,1,6,7,17,15,5,4,2,1,0,0,20,10,2.15,3.1,3.05,2.1,2.9,2.9,2.2,3.2,2.8,2.1,3.2,3.2,2.1,3.2,3
"307","E0",2001-04-04,"Aston Villa","Leicester",2,1,"H",1,1,"D",29043,"Mike Dean",9,6,5,2,0,0,10,3,11,12,2,0,2,2,0,0,20,20,1.95,3.2,3.4,1.9,2.9,3.2,1.8,3.2,4,1.85,3.25,3.75,1.8,3.3,3.75
"308","E0",2001-04-07,"Aston Villa","West Ham",2,2,"D",0,0,"D",31432,"Rob Harris",6,7,4,5,0,1,5,3,5,3,0,5,1,3,0,0,10,30,1.82,3.2,3.9,1.8,3,3.5,NA,NA,NA,1.8,3.2,4,1.8,3.3,3.75
"309","E0",2001-04-07,"Derby","Chelsea",0,4,"A",0,0,"D",29320,"Steve Lodge",3,10,2,7,1,1,1,9,13,7,4,1,1,1,0,0,10,10,2.5,3.15,2.45,2.4,2.9,2.4,NA,NA,NA,2.6,3.25,2.38,2.5,3.1,2.5
"310","E0",2001-04-07,"Leeds","Southampton",2,0,"H",1,0,"H",39267,"Jeff Winter",15,6,7,2,0,0,10,1,10,11,5,1,0,0,0,0,0,0,1.5,3.6,5.75,1.6,3.2,4.2,NA,NA,NA,1.5,3.5,6,1.44,3.6,6.5
"311","E0",2001-04-07,"Leicester","Coventry",1,3,"A",1,2,"A",19545,"Graham Barber",9,15,4,5,0,0,4,9,9,19,2,1,3,2,0,0,30,20,1.67,3.4,4.45,1.7,3.1,3.8,NA,NA,NA,1.83,3.25,4,1.83,3.3,3.6
"312","E0",2001-04-08,"Everton","Man City",3,1,"H",2,1,"H",36561,"David Ellaray",11,13,7,5,0,0,8,8,17,18,7,1,0,3,1,1,25,55,1.88,3.15,3.75,1.85,3,3.3,NA,NA,NA,1.85,3.25,3.75,1.8,3.3,3.75
"313","E0",2001-04-09,"Middlesbrough","Sunderland",0,0,"D",0,0,"D",31284,"Andy D'Urso ",12,12,6,4,0,2,3,2,22,22,5,7,5,3,1,0,75,30,2.37,3.15,2.65,2.2,2.9,2.7,2.5,2.87,2.62,2.4,3.2,2.6,2.5,3.1,2.5
"314","E0",2001-04-10,"Ipswich","Liverpool",1,1,"D",0,0,"D",23504,"Steve Dunn",8,7,5,2,0,0,6,1,10,15,4,2,0,0,0,0,0,0,2.5,3.1,2.55,2.3,2.9,2.5,2.4,3.25,2.5,2.4,3.2,2.6,2.5,3.1,2.5
"315","E0",2001-04-10,"Man United","Charlton",2,1,"H",1,0,"H",67505,"Mark Halsey ",23,3,8,2,4,1,12,4,8,9,0,5,1,1,0,0,10,10,1.3,4.4,8.5,1.3,4,7,1.28,4.33,9,1.29,4.33,9,1.25,4.5,10
"316","E0",2001-04-10,"Tottenham","Bradford",2,1,"H",1,1,"D",28306,"Steve Bennett ",17,10,13,5,0,1,5,7,13,9,4,4,1,1,0,0,10,10,1.4,3.9,6.3,1.45,3.5,5,1.44,3.6,6.5,1.4,3.75,7,1.4,4.33,5.5
"317","E0",2001-04-11,"Man City","Arsenal",0,4,"A",0,4,"A",33444,"Neale Barry",7,15,2,8,0,0,7,3,10,8,5,5,2,0,0,0,20,0,4.1,3.35,1.72,3.5,3,1.8,3.75,3.25,1.8,3.75,3.4,1.8,3.75,3.6,1.72
"318","E0",2001-04-13,"Bradford","Charlton",2,0,"H",0,0,"D",17511,"Peter Jones",4,3,8,8,2,0,3,7,13,21,3,5,1,3,0,0,10,30,2.85,3.05,2.3,2.7,2.9,2.2,2.75,3.25,2.2,2.75,3.25,2.25,2.8,3.2,2.2
"319","E0",2001-04-13,"Liverpool","Leeds",1,2,"A",0,2,"A",44116,"Alan Wiley",11,9,5,3,0,1,8,2,19,16,0,7,3,1,1,0,55,10,2.05,3.05,3.35,2,2.9,3,1.91,3.25,3.4,2.1,3.25,3,2,3.2,3.2
"320","E0",2001-04-14,"Arsenal","Middlesbrough",0,3,"A",0,2,"A",37879,"Paul Durkin",17,6,8,2,0,0,9,0,13,11,0,4,1,1,0,0,10,10,1.35,4.15,7.5,1.45,3.5,5,NA,NA,NA,1.4,3.75,7.5,1.33,4,8
"321","E0",2001-04-14,"Aston Villa","Everton",2,1,"H",1,1,"D",31272,"Paul Taylor",8,5,5,3,1,0,5,3,13,14,0,3,0,3,0,0,0,30,1.75,3.25,4.2,1.8,3,3.5,NA,NA,NA,1.83,3.3,3.75,1.72,3.4,4
"322","E0",2001-04-14,"Chelsea","Southampton",1,0,"H",1,0,"H",35136,"Clive Wilkes",14,9,8,5,1,1,7,6,11,19,2,6,3,3,0,0,30,30,1.42,3.75,6.8,1.45,3.5,5,NA,NA,NA,1.4,3.6,7.5,1.4,3.75,7
"323","E0",2001-04-14,"Ipswich","Newcastle",1,0,"H",0,0,"D",24028,"Mike Dean",14,6,5,2,1,0,9,3,6,13,6,2,0,1,0,1,0,35,1.75,3.25,4.2,1.75,3.1,3.6,NA,NA,NA,1.73,3.4,4.2,1.72,3.4,4
"324","E0",2001-04-14,"Leicester","Man City",1,2,"A",1,1,"D",20224,"Barry Knight",15,8,9,3,0,1,5,1,13,26,4,0,2,3,0,0,20,30,1.7,3.4,4.3,1.75,3.1,3.6,NA,NA,NA,1.8,3.4,3.75,1.8,3.3,3.75
"325","E0",2001-04-14,"Man United","Coventry",4,2,"H",2,2,"D",67637,"Mike Riley",28,9,13,4,1,0,9,2,9,18,9,5,1,4,0,0,10,40,1.25,4.75,9.5,1.3,4,7,NA,NA,NA,1.3,4.33,8.5,1.28,4.5,8
"326","E0",2001-04-14,"Sunderland","Tottenham",2,3,"A",2,0,"H",48029,"David Ellaray",13,8,4,6,0,0,3,3,12,15,5,6,1,2,0,0,10,20,1.77,3.25,4.1,1.8,3,3.5,NA,NA,NA,1.67,3.3,4.6,1.72,3.2,4.33
"327","E0",2001-04-14,"West Ham","Derby",3,1,"H",3,0,"H",25319,"Rob Styles",18,6,10,3,0,0,3,5,10,18,3,1,0,2,0,0,0,20,1.82,3.2,3.95,1.8,3,3.5,NA,NA,NA,1.85,3.25,3.6,1.83,3.3,3.6
"328","E0",2001-04-16,"Coventry","Sunderland",1,0,"H",1,0,"H",20946,"Dermot Gallagher",14,6,9,3,0,0,6,3,15,21,7,9,3,0,0,0,30,0,2.45,3.05,2.63,2.3,2.9,2.5,NA,NA,NA,2.25,3.3,2.7,2.3,3.25,2.62
"329","E0",2001-04-16,"Derby","Leicester",2,0,"H",1,0,"H",28387,"Mark Halsey",10,7,6,4,0,0,5,6,17,16,0,2,0,0,0,0,0,0,2.05,3.2,3.2,1.9,3,3.1,NA,NA,NA,2.1,3.25,3,1.9,3.3,3.3
"330","E0",2001-04-16,"Everton","Liverpool",2,3,"A",1,1,"D",40260,"Jeff Winter",10,10,7,6,0,1,2,5,19,15,2,1,4,2,1,0,65,20,2.9,3.05,2.25,2.4,2.9,2.4,NA,NA,NA,2.8,3.2,2.25,2.75,3.2,2.25
"331","E0",2001-04-16,"Middlesbrough","Ipswich",1,2,"A",1,0,"H",34294,"Steve Bennett",4,12,1,5,0,0,5,4,8,8,5,2,0,0,0,0,0,0,2.4,3.1,2.65,2.2,2.9,2.7,NA,NA,NA,2.3,3.4,2.6,2.25,3.2,2.75
"332","E0",2001-04-16,"Newcastle","West Ham",2,1,"H",1,0,"H",51107,"Paul Durkin",20,13,14,6,0,0,7,5,19,9,7,5,0,0,0,0,0,0,1.97,3.2,3.4,2,2.9,3,NA,NA,NA,2,3.25,3.25,2.1,3.2,3
"333","E0",2001-04-17,"Charlton","Aston Villa",3,3,"D",2,0,"H",20043,"Graham Poll",12,11,5,8,0,2,5,7,10,15,2,0,3,4,1,0,55,40,2.1,3.1,3.15,2.2,2.9,2.7,NA,NA,NA,2.2,3.2,2.88,2.2,3.25,2.75
"334","E0",2001-04-17,"Tottenham","Chelsea",0,3,"A",0,1,"A",36074,"Graham Barber",5,16,1,10,0,0,2,5,14,11,3,3,2,2,1,0,45,20,2.55,3.15,2.45,2.4,2.9,2.4,NA,NA,NA,2.8,3.2,2.2,2.62,3.1,2.37
"335","E0",2001-04-21,"Arsenal","Everton",4,1,"H",1,1,"D",38029,"Dermot Gallagher",10,4,8,2,0,0,10,0,7,13,3,2,0,2,0,1,0,45,1.35,3.6,7.8,1.4,3.6,5.5,1.33,4,8,1.36,3.8,8,1.36,3.75,8
"336","E0",2001-04-21,"Aston Villa","Southampton",0,0,"D",0,0,"D",29336,"Jeff Winter",9,3,2,3,0,0,4,5,10,15,6,4,1,2,0,0,10,20,1.6,3.4,4.6,1.6,3.2,4.2,1.57,3.5,5,1.62,3.3,5,1.57,3.5,5
"337","E0",2001-04-21,"Bradford","Derby",2,0,"H",1,0,"H",18564,"Neale Barry",15,12,9,3,0,0,3,8,14,13,7,5,0,2,0,1,0,45,2.6,3,2.5,2.35,3,2.35,2.75,3.2,2.25,2.63,3.3,2.3,2.62,3.1,2.37
"338","E0",2001-04-21,"Chelsea","Charlton",0,1,"A",0,1,"A",34983,"Mike Dean",9,4,1,2,0,0,10,3,12,14,0,4,3,0,0,0,30,0,1.37,3.7,6.8,1.4,3.6,5.5,1.4,3.75,7,1.36,3.8,8,1.33,4,8
"339","E0",2001-04-21,"Ipswich","Coventry",2,0,"H",1,0,"H",24612,"Graham Barber",13,6,5,2,0,0,2,3,22,23,7,4,1,4,0,0,10,40,1.6,3.4,5.1,1.6,3.2,4.2,1.61,3.5,4.5,1.62,3.5,4.75,1.61,3.6,4.33
"340","E0",2001-04-21,"Leicester","Middlesbrough",0,3,"A",0,1,"A",18162,"Paul Taylor",15,15,4,7,1,0,12,5,13,11,3,0,3,1,0,0,30,10,2.4,3.2,2.6,2.2,2.9,2.7,2.5,3.25,2.4,2.3,3.25,2.7,2.3,3.25,2.62
"341","E0",2001-04-21,"Man United","Man City",1,1,"D",0,0,"D",67535,"David Ellaray",13,6,6,4,0,1,3,2,14,20,4,2,0,0,1,0,25,0,1.27,4.2,7.5,1.4,3.6,5.5,1.36,3.75,8,1.36,4,7.5,1.36,4,7
"342","E0",2001-04-21,"Sunderland","Newcastle",1,1,"D",0,0,"D",48277,"Mike Riley",16,9,10,5,1,0,4,8,17,22,0,6,5,4,0,0,50,40,1.9,3.15,3.65,1.9,3,3.1,2,3.2,3.2,1.91,3.25,3.5,2,3.2,3.2
"343","E0",2001-04-21,"West Ham","Leeds",0,2,"A",0,1,"A",26041,"Graham Poll",15,12,10,7,0,0,6,6,17,13,0,8,5,2,0,1,50,45,2.75,3.2,2.25,2.7,2.9,2.2,2.75,3.25,2.2,2.8,3.25,2.2,2.87,3.3,2.1
"344","E0",2001-04-22,"Liverpool","Tottenham",3,1,"H",1,1,"D",43547,"Barry Knight",14,7,8,5,1,0,6,4,10,13,5,0,1,1,0,0,10,10,1.5,3.6,5.8,1.5,3.4,4.7,1.4,3.75,7,1.4,3.75,7.5,1.4,3.6,7.5
"345","E0",2001-04-28,"Coventry","Liverpool",0,2,"A",0,0,"D",23063,"Steve Bennett",11,13,4,6,0,0,7,7,15,11,3,6,3,1,0,0,30,10,3.55,3.2,1.91,3.1,3,1.9,3.2,3.5,1.91,3,3.5,2,3.1,3.6,1.9
"346","E0",2001-04-28,"Derby","Arsenal",1,2,"A",1,1,"D",29567,"Graham Barber",6,14,2,9,0,0,4,6,14,13,1,3,3,4,0,0,30,40,3.75,3.3,1.82,3.3,3,1.85,3.5,3.4,1.83,4,3.25,1.85,3.75,3.3,1.8
"347","E0",2001-04-28,"Everton","Bradford",2,1,"H",0,1,"A",34256,"Paul Durkin",18,7,9,4,0,0,5,2,15,15,7,2,1,2,0,0,10,20,1.5,3.7,5.8,1.45,3.5,5,1.4,3.75,7,1.5,3.6,5.5,1.57,3.5,5
"348","E0",2001-04-28,"Leeds","Chelsea",2,0,"H",0,0,"D",39253,"Steve Dunn",16,7,9,5,0,1,7,2,22,17,3,0,2,5,0,0,20,50,1.87,3.25,3.7,2,2.9,3,1.67,3.4,4.33,1.91,3.3,3.5,1.83,3.3,3.6
"349","E0",2001-04-28,"Man City","West Ham",1,0,"H",1,0,"H",33737,"Peter Jones",16,12,9,7,0,1,10,10,19,12,2,7,3,5,0,0,30,50,2.22,3.1,2.92,1.9,3.1,3,2.2,3.25,2.75,2.1,3.4,2.88,2.2,3.25,2.75
"350","E0",2001-04-28,"Middlesbrough","Man United",0,2,"A",0,1,"A",34417,"Steve Lodge",18,9,3,5,1,0,4,6,13,21,7,3,2,3,0,0,20,30,3.2,3.15,2.05,2.9,2.9,2.1,3,3.2,2.1,3,3.25,2.1,3.2,3.2,2
"351","E0",2001-04-28,"Newcastle","Leicester",1,0,"H",0,0,"D",50501,"Graham Poll",20,4,6,3,1,0,12,0,15,14,2,7,1,1,0,0,10,10,1.67,3.35,4.55,1.7,3.1,3.8,1.61,3.25,5,1.62,3.4,4.75,1.61,3.25,5
"352","E0",2001-04-28,"Southampton","Sunderland",0,1,"A",0,0,"D",15249,"Alan Wiley",11,6,5,3,0,0,11,2,15,14,7,4,2,1,0,0,20,10,2.22,3.15,2.87,2.1,2.9,2.9,2.2,3.25,2.87,2.3,3.2,2.75,2.25,3.2,2.75
"353","E0",2001-04-28,"Tottenham","Aston Villa",0,0,"D",0,0,"D",36096,"Clive Wilkes",7,7,3,4,0,0,5,6,13,13,4,2,1,0,0,0,10,0,2.05,3.15,3.2,2.1,2.9,2.9,2.25,3.2,2.75,2.3,3.2,2.75,2.25,3.2,2.75
"354","E0",2001-04-30,"Charlton","Ipswich",2,1,"H",1,1,"D",20043,"Rob Styles",10,17,7,6,0,2,2,13,17,11,2,0,0,1,0,0,0,10,2.65,3.2,2.35,2.35,3,2.35,2.75,3.25,2.2,2.6,3.2,2.4,2.62,3.1,2.37
"355","E0",2001-05-01,"Bradford","Liverpool",0,2,"A",0,0,"D",22057,"Jeff Winter",15,11,4,10,0,0,7,0,11,13,3,6,0,2,0,0,0,20,6,3.85,1.45,4.5,3.3,1.55,5.5,4,1.44,6.25,3.75,1.44,6.5,3.6,1.44
"356","E0",2001-05-01,"Newcastle","Southampton",1,1,"D",1,0,"H",50439,"Steve Lodge",7,11,5,3,0,0,4,2,15,17,0,1,2,1,0,0,20,10,1.67,3.45,4.35,1.75,3.1,3.6,1.61,3.5,4.5,1.67,3.4,4.5,1.61,3.5,4.5
"357","E0",2001-05-05,"Arsenal","Leeds",2,1,"H",1,0,"H",38142,"Peter Jones",7,4,4,3,0,1,11,2,21,18,4,2,4,3,0,0,40,30,1.85,3.2,3.7,1.85,3,3.3,1.8,3.25,3.75,1.8,3.3,3.75,1.72,3.4,4
"358","E0",2001-05-05,"Aston Villa","Coventry",3,2,"H",0,2,"A",39761,"Mike Riley",6,6,4,3,0,0,6,2,12,23,0,2,2,5,0,0,20,50,1.82,3.4,3.55,1.85,3.1,3.2,1.91,3.4,3.25,1.91,3.5,3.25,1.9,3.5,3.2
"359","E0",2001-05-05,"Bradford","Middlesbrough",1,1,"D",1,0,"H",20921,"Graham Barber",10,14,7,9,0,0,6,6,25,21,4,6,4,2,0,0,40,20,3.4,3.2,1.91,3.1,3,1.9,3.75,3.2,1.83,3.75,3.4,1.8,3.8,3.4,1.75
"360","E0",2001-05-05,"Chelsea","Everton",2,1,"H",2,1,"H",35196,"Rob Harris",13,9,5,3,0,0,8,6,19,22,1,4,1,1,0,0,10,10,1.4,3.7,6.4,1.4,3.6,5.5,1.36,4,7,1.36,4,7.5,1.36,3.75,8
"361","E0",2001-05-05,"Leicester","Tottenham",4,2,"H",1,0,"H",21056,"Mike Dean",19,9,9,4,1,0,6,2,11,14,1,3,3,2,0,0,30,20,2.35,3.1,2.67,2.2,2.9,2.7,2.37,3.2,2.6,2.38,3.2,2.63,2.37,3.1,2.62
"362","E0",2001-05-05,"Liverpool","Newcastle",3,0,"H",1,0,"H",44363,"Mark Halsey",12,6,5,3,0,0,2,3,11,10,2,1,0,2,0,0,0,20,1.35,3.75,7,1.4,3.6,5.5,1.2,5,11,1.33,4,8.5,1.33,4,8
"363","E0",2001-05-05,"Man United","Derby",0,1,"A",0,1,"A",67526,"Neale Barry",11,10,6,5,0,0,13,1,13,11,2,4,1,0,0,0,10,0,1.3,4.4,7.7,1.35,3.8,6.2,1.4,4.33,5.5,1.29,4.5,8.5,1.33,4.33,7
"364","E0",2001-05-05,"Sunderland","Charlton",3,2,"H",2,1,"H",47671,"Steve Dunn",17,17,11,7,0,1,8,5,17,7,0,7,1,0,0,0,10,0,1.8,3.2,3.8,1.75,3.1,3.6,1.73,3.2,4.33,1.73,3.25,4.33,1.8,3.4,3.6
"365","E0",2001-05-05,"West Ham","Southampton",3,0,"H",0,0,"D",26041,"Clive Wilkes",16,12,12,3,0,1,5,1,18,18,3,2,2,2,0,0,20,20,1.78,3.25,3.95,1.75,3.1,3.6,1.67,3.4,4.33,1.67,3.25,4.75,1.72,3.2,4.33
"366","E0",2001-05-07,"Ipswich","Man City",2,1,"H",0,0,"D",25004,"Steve Lodge",15,11,7,7,0,1,9,2,8,19,1,5,0,0,0,0,0,0,1.55,3.65,5,1.55,3.3,4.5,1.53,3.75,5,1.57,4,4.33,1.61,3.75,4.2
"367","E0",2001-05-08,"Liverpool","Chelsea",2,2,"D",1,1,"D",45088,"Dermot Gallagher",16,14,8,7,0,0,6,6,14,21,3,1,1,4,0,0,10,40,1.63,3.4,4.75,1.7,3.2,3.6,1.57,3.5,5,1.73,3.3,4.5,1.66,3.3,4.5
"368","E0",2001-05-13,"Leeds","Bradford",6,1,"H",5,1,"H",38300,"Andy D'Urso",18,13,9,7,0,0,9,7,20,13,4,0,1,0,0,0,10,0,1.2,5.4,10.2,1.25,4.3,8,1.28,4.5,8,1.29,4.33,9,1.25,4.5,9.5
"369","E0",2001-05-13,"Southampton","Man United",2,1,"H",2,0,"H",15246,"Jeff Winter",14,9,3,6,0,0,4,4,13,18,5,4,1,1,0,0,10,10,4.25,3.2,1.75,2.9,3,2,3,3.4,2,3.25,3.3,2,3.25,3.4,1.9
"370","E0",2001-05-15,"Newcastle","Arsenal",0,0,"D",0,0,"D",50729,"Alan Wiley",12,8,2,1,0,1,4,8,14,10,1,3,1,0,0,0,10,0,3.2,3.1,2.08,3.2,2.7,2,3.4,3.25,1.91,3.1,3.2,2.1,3.2,3,2.1
"371","E0",2001-05-19,"Charlton","Liverpool",0,4,"A",0,0,"D",20043,"Graham Barber",12,16,10,14,1,0,10,10,7,13,1,0,1,1,0,0,10,10,3.8,3.5,1.74,3.4,3.2,1.75,4,3.6,1.67,3.75,3.6,1.73,4,3.6,1.66
"372","E0",2001-05-19,"Coventry","Bradford",0,0,"D",0,0,"D",20299,"Alan Wiley",15,10,7,3,0,0,9,3,15,13,5,9,1,1,0,0,10,10,1.7,3.4,4.2,1.65,3.2,3.9,1.73,3.2,4.33,1.57,3.3,5.5,1.61,3.5,4.5
"373","E0",2001-05-19,"Derby","Ipswich",1,1,"D",1,0,"H",33239,"Graham Poll",7,13,2,6,0,0,3,11,14,15,5,3,1,1,0,0,10,10,3.7,3.5,1.75,3.5,3,1.8,3.75,3.5,1.73,3.8,3.5,1.75,3.6,3.3,1.83
"374","E0",2001-05-19,"Everton","Sunderland",2,2,"D",1,1,"D",37444,"Steve Bennett",18,11,8,4,2,0,5,6,12,13,6,2,5,3,0,1,50,55,2.75,3.25,2.25,2.3,3.1,2.3,3,3.2,2.1,2.88,3.3,2.1,2.75,3.25,2.2
"375","E0",2001-05-19,"Leeds","Leicester",3,1,"H",1,1,"D",39905,"David Ellaray",24,8,11,5,3,0,12,5,14,17,2,2,3,4,0,0,30,40,1.24,4.85,8.65,1.3,4,7,1.2,5,11,1.22,5,9.5,1.25,5,8
"376","E0",2001-05-19,"Man City","Chelsea",1,2,"A",1,1,"D",34479,"Mike Riley",3,9,1,3,0,0,8,7,22,18,2,2,4,2,0,0,40,20,3.6,3.25,1.82,3.8,3.2,1.65,4,3.6,1.67,4.2,3.4,1.7,4,3.1,1.8
"377","E0",2001-05-19,"Middlesbrough","West Ham",2,1,"H",2,1,"H",33057,"Paul Durkin",19,11,7,5,0,0,5,6,13,15,5,2,0,0,0,0,0,0,1.9,3.25,3.5,1.9,2.9,3.2,1.8,3.25,3.75,1.9,3.2,3.5,1.83,3.4,3.5
"378","E0",2001-05-19,"Newcastle","Aston Villa",3,0,"H",2,0,"H",51306,"Barry Knight",9,5,5,1,0,0,5,1,10,14,2,4,0,5,1,1,25,75,2.2,3.2,2.82,2.1,2.9,2.9,2.4,3.25,2.5,2.38,3.3,2.5,2.25,3.4,2.6
"379","E0",2001-05-19,"Southampton","Arsenal",3,2,"H",0,1,"A",15252,"Paul Taylor",11,8,7,5,0,1,7,5,17,10,3,2,1,2,0,0,10,20,2.82,3.15,2.2,2.35,3,2.35,2.5,3.25,2.37,2.63,3.25,2.3,2.62,3.5,2.2
"380","E0",2001-05-19,"Tottenham","Man United",3,1,"H",1,1,"D",36072,"Andy D'Urso",9,15,3,6,0,0,3,6,13,15,3,2,0,2,0,0,0,20,2.75,3.2,2.24,2.8,3,2.1,2.6,3.2,2.37,2.6,3.25,2.35,2.62,3.3,2.25
